id,numeroInputs,vida_jogador1,vida_jogador2,primeiraTeclaJogador1,segundaTeclaJogador1,terceiraTeclaJogador1,quartaTeclaJogador1,turnoAtual,turno_ataque,turno_defesa,turnoJogador1,partida,teclaDisponivel_1,teclaDisponivel_2,teclaDisponivel_3,teclaDisponivel_4,teclaDisponivel_5,teclaDisponivel_6,teclaDisponivel_7
Player1,4,100,100,1,5,2,4,0,1.0,0.0,ataque,2074,1,1,1,1,1,1,1
Player1,4,100,80.5,3,4,1,5,1,0.0,1.0,defesa,2074,1,1,1,1,1,1,1
Player1,4,82.6,90.5,3,2,6,7,2,1.0,0.0,ataque,2074,0,1,1,0,0,1,1
Player1,4,87.6,69.5,2,6,7,2,3,0.0,1.0,defesa,2074,0,1,0,0,0,1,1
Player1,4,73.6,69.5,1,5,2,6,4,1.0,0.0,ataque,2074,1,1,0,0,1,1,0
Player1,4,71.6,51.3,1,5,2,6,5,0.0,1.0,defesa,2074,1,1,0,0,1,1,0
Player1,4,55.79999999999999,49.3,2,7,6,2,6,1.0,0.0,ataque,2074,0,1,0,0,0,1,1
Player1,4,52.79999999999999,33.5,2,6,7,2,7,0.0,1.0,defesa,2074,0,1,0,0,0,1,1
Player1,4,49.79999999999999,26.5,1,5,2,6,8,1.0,0.0,ataque,2074,1,1,0,0,1,1,0
Player1,4,49.79999999999999,9.100000000000001,1,5,2,6,9,0.0,1.0,defesa,2074,1,1,0,0,1,1,0
Player1,4,37.79999999999999,5.100000000000001,2,6,7,2,10,1.0,0.0,ataque,2074,0,1,0,0,0,1,1
Player1,4,37.79999999999999,5.100000000000001,3,2,6,7,11,0.0,1.0,defesa,2074,0,1,1,0,0,1,1
Player1,4,100,100,1,5,2,4,0,1.0,0.0,ataque,2075,1,1,1,1,1,1,1
Player1,4,100,81,3,4,1,5,1,0.0,1.0,defesa,2075,1,1,1,1,1,1,1
Player1,4,91,91,2,3,6,7,2,1.0,0.0,ataque,2075,0,1,1,0,0,1,1
Player1,4,89,79,2,6,7,2,3,0.0,1.0,defesa,2075,0,1,0,0,0,1,1
Player1,4,87,76,1,5,2,6,4,1.0,0.0,ataque,2075,1,1,0,0,1,1,0
Player1,4,95,55,1,5,2,6,5,0.0,1.0,defesa,2075,1,1,0,0,1,1,0
Player1,4,77,55,2,7,6,2,6,1.0,0.0,ataque,2075,0,1,0,0,0,1,1
Player1,4,77,45.8,2,6,7,2,7,0.0,1.0,defesa,2075,0,1,0,0,0,1,1
Player1,4,66.8,43.8,1,5,2,6,8,1.0,0.0,ataque,2075,1,1,0,0,1,1,0
Player1,4,63.8,22.399999999999995,1,5,2,6,9,0.0,1.0,defesa,2075,1,1,0,0,1,1,0
Player1,4,50.4,15.399999999999995,2,7,6,2,10,1.0,0.0,ataque,2075,0,1,0,0,0,1,1
Player1,4,100,100,1,5,2,3,0,1.0,0.0,ataque,2076,1,1,1,1,1,1,1
Player1,4,100,81,3,4,1,5,1,0.0,1.0,defesa,2076,1,1,1,1,1,1,1
Player1,4,90.69999999999999,100,4,2,6,7,2,1.0,0.0,ataque,2076,0,1,0,1,0,1,1
Player1,4,90.69999999999999,90.5,2,6,7,2,3,0.0,1.0,defesa,2076,0,1,0,0,0,1,1
Player1,4,90.69999999999999,87.5,1,5,2,6,4,1.0,0.0,ataque,2076,1,1,0,0,1,1,0
Player1,4,90.69999999999999,64.5,1,5,2,6,5,0.0,1.0,defesa,2076,1,1,0,0,1,1,0
Player1,4,72.69999999999999,64.5,2,6,7,2,6,1.0,0.0,ataque,2076,0,1,0,0,0,1,1
Player1,4,72.69999999999999,55.3,2,7,6,2,7,0.0,1.0,defesa,2076,0,1,0,0,0,1,1
Player1,4,72.69999999999999,53.3,1,5,2,6,8,1.0,0.0,ataque,2076,1,1,0,0,1,1,0
Player1,4,72.69999999999999,33.9,1,5,2,6,9,0.0,1.0,defesa,2076,1,1,0,0,1,1,0
Player1,4,57.899999999999984,28.9,3,2,6,7,10,1.0,0.0,ataque,2076,0,1,1,0,0,1,1
Player1,4,52.899999999999984,17.9,3,2,6,7,11,0.0,1.0,defesa,2076,0,1,1,0,0,1,1
Player1,4,47.899999999999984,17.9,1,5,2,6,12,1.0,0.0,ataque,2076,1,1,0,0,1,1,0
Player1,4,45.899999999999984,1.8999999999999968,1,5,2,6,13,0.0,1.0,defesa,2076,1,1,0,0,1,1,0
Player1,4,100,100,1,5,2,3,0,1.0,0.0,ataque,2077,1,1,1,1,1,1,1
Player1,4,100,81,3,4,1,5,1,0.0,1.0,defesa,2077,1,1,1,1,1,1,1
Player1,4,90.69999999999999,100,4,2,6,7,2,1.0,0.0,ataque,2077,0,1,0,1,0,1,1
Player1,4,90.69999999999999,80.5,2,7,6,2,3,0.0,1.0,defesa,2077,0,1,0,0,0,1,1
Player1,4,78.99999999999999,77.5,1,5,2,6,4,1.0,0.0,ataque,2077,1,1,0,0,1,1,0
Player1,4,78.99999999999999,56.5,1,5,2,6,5,0.0,1.0,defesa,2077,1,1,0,0,1,1,0
Player1,4,62.79999999999998,56.5,2,6,7,2,6,1.0,0.0,ataque,2077,0,1,0,0,0,1,1
Player1,4,57.79999999999998,44.9,2,6,7,2,7,0.0,1.0,defesa,2077,0,1,0,0,0,1,1
Player1,4,52.79999999999998,42.9,1,5,2,6,8,1.0,0.0,ataque,2077,1,1,0,0,1,1,0
Player1,4,50.79999999999998,25.099999999999994,1,5,2,6,9,0.0,1.0,defesa,2077,1,1,0,0,1,1,0
Player1,4,36.79999999999998,20.099999999999994,3,2,6,7,10,1.0,0.0,ataque,2077,0,1,1,0,0,1,1
Player1,4,36.79999999999998,17.099999999999994,3,2,6,7,11,0.0,1.0,defesa,2077,0,1,1,0,0,1,1
Player1,4,36.79999999999998,17.099999999999994,1,5,2,6,12,1.0,0.0,ataque,2077,1,1,0,0,1,1,0
Player1,4,36.79999999999998,7.999999999999996,1,5,2,6,13,0.0,1.0,defesa,2077,1,1,0,0,1,1,0
Player1,4,25.799999999999983,7.999999999999996,2,6,7,2,14,1.0,0.0,ataque,2077,0,1,0,0,0,1,1
Player1,4,100,100,1,5,2,4,0,1.0,0.0,ataque,2078,1,1,1,1,1,1,1
Player1,4,100,80.5,3,4,1,5,1,0.0,1.0,defesa,2078,1,1,1,1,1,1,1
Player1,4,82.6,90.5,3,2,7,6,2,1.0,0.0,ataque,2078,0,1,1,0,0,1,1
Player1,4,87.6,69.5,2,6,7,2,3,0.0,1.0,defesa,2078,0,1,0,0,0,1,1
Player1,4,82.6,69.5,1,5,2,6,4,1.0,0.0,ataque,2078,1,1,0,0,1,1,0
Player1,4,80.6,49.5,1,5,2,6,5,0.0,1.0,defesa,2078,1,1,0,0,1,1,0
Player1,4,64.39999999999999,49.5,2,7,6,2,6,1.0,0.0,ataque,2078,0,1,0,0,0,1,1
Player1,4,59.39999999999999,40.5,2,7,6,2,7,0.0,1.0,defesa,2078,0,1,0,0,0,1,1
Player1,4,41.69999999999999,40.5,1,5,2,6,8,1.0,0.0,ataque,2078,1,1,0,0,1,1,0
Player1,4,31.69999999999999,28.799999999999997,1,5,2,6,9,0.0,1.0,defesa,2078,1,1,0,0,1,1,0
Player1,4,11.699999999999989,28.799999999999997,2,6,7,2,10,1.0,0.0,ataque,2078,0,1,0,0,0,1,1
Player1,4,7.699999999999989,28.799999999999997,3,2,7,6,11,0.0,1.0,defesa,2078,0,1,1,0,0,1,1
Player1,4,1.1999999999999886,28.799999999999997,3,1,5,2,12,1.0,0.0,ataque,2078,1,1,1,0,1,1,0
Player1,4,100,100,1,5,2,4,0,1.0,0.0,ataque,2079,1,1,1,1,1,1,1
Player1,4,100,80.5,3,4,1,5,1,0.0,1.0,defesa,2079,1,1,1,1,1,1,1
Player1,4,82.6,90.5,3,2,6,7,2,1.0,0.0,ataque,2079,0,1,1,0,0,1,1
Player1,4,87.6,69.5,2,7,6,2,3,0.0,1.0,defesa,2079,0,1,0,0,0,1,1
Player1,4,82.6,69.5,1,5,2,6,4,1.0,0.0,ataque,2079,1,1,0,0,1,1,0
Player1,4,80.6,49.5,1,5,2,6,5,0.0,1.0,defesa,2079,1,1,0,0,1,1,0
Player1,4,64.39999999999999,49.5,2,6,7,2,6,1.0,0.0,ataque,2079,0,1,0,0,0,1,1
Player1,4,59.39999999999999,40.5,2,6,7,2,7,0.0,1.0,defesa,2079,0,1,0,0,0,1,1
Player1,4,54.39999999999999,40.5,1,5,2,6,8,1.0,0.0,ataque,2079,1,1,0,0,1,1,0
Player1,4,52.39999999999999,22.900000000000002,1,5,2,6,9,0.0,1.0,defesa,2079,1,1,0,0,1,1,0
Player1,4,42.19999999999999,17.900000000000002,2,6,7,2,10,1.0,0.0,ataque,2079,0,1,0,0,0,1,1
Player1,4,42.19999999999999,2.5000000000000018,3,2,6,7,11,0.0,1.0,defesa,2079,0,1,1,0,0,1,1
Player1,4,100,100,1,5,2,4,0,1.0,0.0,ataque,2080,1,1,1,1,1,1,1
Player1,4,100,80.5,3,4,1,5,1,0.0,1.0,defesa,2080,1,1,1,1,1,1,1
Player1,4,82.6,90.5,3,2,6,7,2,1.0,0.0,ataque,2080,0,1,1,0,0,1,1
Player1,4,87.6,86.5,2,7,6,2,3,0.0,1.0,defesa,2080,0,1,0,0,0,1,1
Player1,4,82.6,86.5,1,5,2,6,4,1.0,0.0,ataque,2080,1,1,0,0,1,1,0
Player1,4,80.6,66.5,1,5,2,6,5,0.0,1.0,defesa,2080,1,1,0,0,1,1,0
Player1,4,64.6,66.5,2,7,6,2,6,1.0,0.0,ataque,2080,0,1,0,0,0,1,1
Player1,4,64.6,51.6,2,6,7,2,7,0.0,1.0,defesa,2080,0,1,0,0,0,1,1
Player1,4,56.599999999999994,46.6,1,5,2,6,8,1.0,0.0,ataque,2080,1,1,0,0,1,1,0
Player1,4,56.599999999999994,25.4,1,5,2,6,9,0.0,1.0,defesa,2080,1,1,0,0,1,1,0
Player1,4,42.599999999999994,15.399999999999999,2,6,7,2,10,1.0,0.0,ataque,2080,0,1,0,0,0,1,1
Player1,4,100,100,1,5,2,4,0,1.0,0.0,ataque,2081,1,1,1,1,1,1,1
Player1,4,100,80.5,3,4,1,5,1,0.0,1.0,defesa,2081,1,1,1,1,1,1,1
Player1,4,91.6,90.5,2,3,7,6,2,1.0,0.0,ataque,2081,0,1,1,0,0,1,1
Player1,4,89.6,90.5,2,6,7,2,3,0.0,1.0,defesa,2081,0,1,0,0,0,1,1
Player1,4,87.6,90.5,1,5,2,6,4,1.0,0.0,ataque,2081,1,1,0,0,1,1,0
Player1,4,95.6,77.5,1,5,2,6,5,0.0,1.0,defesa,2081,1,1,0,0,1,1,0
Player1,4,77.6,74.5,2,6,7,2,6,1.0,0.0,ataque,2081,0,1,0,0,0,1,1
Player1,4,77.6,71.5,2,7,6,2,7,0.0,1.0,defesa,2081,0,1,0,0,0,1,1
Player1,4,77.6,71.5,1,5,2,6,8,1.0,0.0,ataque,2081,1,1,0,0,1,1,0
Player1,4,77.6,53.5,1,5,2,6,9,0.0,1.0,defesa,2081,1,1,0,0,1,1,0
Player1,4,61.39999999999999,53.5,2,7,6,2,10,1.0,0.0,ataque,2081,0,1,0,0,0,1,1
Player1,4,56.39999999999999,41.9,3,2,7,6,11,0.0,1.0,defesa,2081,0,1,1,0,0,1,1
Player1,4,51.39999999999999,39.9,3,1,5,2,12,1.0,0.0,ataque,2081,1,1,1,0,1,1,0
Player1,4,49.39999999999999,22.099999999999994,1,5,2,6,13,0.0,1.0,defesa,2081,1,1,0,0,1,1,0
Player1,4,35.39999999999999,17.099999999999994,4,2,7,6,14,1.0,0.0,ataque,2081,0,1,0,1,0,1,1
Player1,4,35.39999999999999,14.099999999999994,4,2,6,7,15,0.0,1.0,defesa,2081,0,1,0,1,0,1,1
Player1,4,35.39999999999999,14.099999999999994,1,5,2,6,16,1.0,0.0,ataque,2081,1,1,0,0,1,1,0
Player1,4,35.39999999999999,2.899999999999995,1,5,2,6,17,0.0,1.0,defesa,2081,1,1,0,0,1,1,0
Player1,4,25.89999999999999,2.899999999999995,2,7,6,2,18,1.0,0.0,ataque,2081,0,1,0,0,0,1,1
Player1,4,23.89999999999999,2.899999999999995,2,7,6,2,19,0.0,1.0,defesa,2081,0,1,0,0,0,1,1
Player1,4,100,100,1,5,2,4,0,1.0,0.0,ataque,2082,1,1,1,1,1,1,1
Player1,4,100,80.5,3,4,1,5,1,0.0,1.0,defesa,2082,1,1,1,1,1,1,1
Player1,4,82.6,90.5,3,2,6,7,2,1.0,0.0,ataque,2082,0,1,1,0,0,1,1
Player1,4,87.6,69.5,2,7,6,2,3,0.0,1.0,defesa,2082,0,1,0,0,0,1,1
Player1,4,70.89999999999999,69.5,1,5,2,6,4,1.0,0.0,ataque,2082,1,1,0,0,1,1,0
Player1,4,68.89999999999999,54,1,5,2,6,5,0.0,1.0,defesa,2082,1,1,0,0,1,1,0
Player1,4,53.099999999999994,52,2,6,7,2,6,1.0,0.0,ataque,2082,0,1,0,0,0,1,1
Player1,4,50.099999999999994,50,2,6,7,2,7,0.0,1.0,defesa,2082,0,1,0,0,0,1,1
Player1,4,47.099999999999994,48,1,5,2,6,8,1.0,0.0,ataque,2082,1,1,0,0,1,1,0
Player1,4,47.099999999999994,31.800000000000004,1,5,2,6,9,0.0,1.0,defesa,2082,1,1,0,0,1,1,0
Player1,4,35.199999999999996,26.800000000000004,2,7,6,2,10,1.0,0.0,ataque,2082,0,1,0,0,0,1,1
Player1,4,35.199999999999996,21.800000000000004,3,2,6,7,11,0.0,1.0,defesa,2082,0,1,1,0,0,1,1
Player1,4,35.199999999999996,19.800000000000004,3,1,5,2,12,1.0,0.0,ataque,2082,1,1,1,0,1,1,0
Player1,4,35.199999999999996,8.600000000000005,1,5,2,6,13,0.0,1.0,defesa,2082,1,1,0,0,1,1,0
Player1,4,25.199999999999996,8.600000000000005,4,2,6,7,14,1.0,0.0,ataque,2082,0,1,0,1,0,1,1
Player1,4,25.199999999999996,8.600000000000005,4,2,7,6,15,0.0,1.0,defesa,2082,0,1,0,1,0,1,1
Player1,4,100,100,1,5,2,3,0,1.0,0.0,ataque,2083,1,1,1,1,1,1,1
Player1,4,100,80,3,4,1,5,1,0.0,1.0,defesa,2083,1,1,1,1,1,1,1
Player1,4,82.6,90,4,2,6,7,2,1.0,0.0,ataque,2083,0,1,0,1,0,1,1
Player1,4,82.6,86.5,2,6,7,2,3,0.0,1.0,defesa,2083,0,1,0,0,0,1,1
Player1,4,67.3,86.5,1,5,2,6,4,1.0,0.0,ataque,2083,1,1,0,0,1,1,0
Player1,4,67.3,66.5,1,5,2,6,5,0.0,1.0,defesa,2083,1,1,0,0,1,1,0
Player1,4,51.099999999999994,66.5,2,6,7,2,6,1.0,0.0,ataque,2083,0,1,0,0,0,1,1
Player1,4,46.099999999999994,66.5,2,7,6,2,7,0.0,1.0,defesa,2083,0,1,0,0,0,1,1
Player1,4,33.099999999999994,66.5,1,5,2,6,8,1.0,0.0,ataque,2083,1,1,0,0,1,1,0
Player1,4,31.099999999999994,50.300000000000004,1,5,2,6,9,0.0,1.0,defesa,2083,1,1,0,0,1,1,0
Player1,4,19.199999999999996,45.300000000000004,3,2,6,7,10,1.0,0.0,ataque,2083,0,1,1,0,0,1,1
Player1,4,19.199999999999996,40.300000000000004,3,2,7,6,11,0.0,1.0,defesa,2083,0,1,1,0,0,1,1
Player1,4,19.199999999999996,38.300000000000004,1,5,2,6,12,1.0,0.0,ataque,2083,1,1,0,0,1,1,0
Player1,4,19.199999999999996,27.1,1,5,2,6,13,0.0,1.0,defesa,2083,1,1,0,0,1,1,0
Player1,4,9.199999999999996,27.1,2,7,6,2,14,1.0,0.0,ataque,2083,0,1,0,0,0,1,1
Player1,4,9.199999999999996,15.5,4,2,7,6,15,0.0,1.0,defesa,2083,0,1,0,1,0,1,1
Player1,4,9.199999999999996,10.5,4,1,5,2,16,1.0,0.0,ataque,2083,1,1,0,1,1,1,0
Player1,4,100,100,1,5,2,3,0,1.0,0.0,ataque,2084,1,1,1,1,1,1,1
Player1,4,100,80,3,4,1,5,1,0.0,1.0,defesa,2084,1,1,1,1,1,1,1
Player1,4,82.6,90,4,2,7,6,2,1.0,0.0,ataque,2084,0,1,0,1,0,1,1
Player1,4,82.6,69.5,2,7,6,2,3,0.0,1.0,defesa,2084,0,1,0,0,0,1,1
Player1,4,82.6,69.5,1,5,2,6,4,1.0,0.0,ataque,2084,1,1,0,0,1,1,0
Player1,4,82.6,49.5,1,5,2,6,5,0.0,1.0,defesa,2084,1,1,0,0,1,1,0
Player1,4,66.39999999999999,49.5,2,7,6,2,6,1.0,0.0,ataque,2084,0,1,0,0,0,1,1
Player1,4,61.39999999999999,49.5,2,7,6,2,7,0.0,1.0,defesa,2084,0,1,0,0,0,1,1
Player1,4,56.39999999999999,49.5,1,5,2,6,8,1.0,0.0,ataque,2084,1,1,0,0,1,1,0
Player1,4,54.39999999999999,34,1,5,2,6,9,0.0,1.0,defesa,2084,1,1,0,0,1,1,0
Player1,4,40.19999999999999,32,3,2,6,7,10,1.0,0.0,ataque,2084,0,1,1,0,0,1,1
Player1,4,37.19999999999999,19.6,3,2,7,6,11,0.0,1.0,defesa,2084,0,1,1,0,0,1,1
Player1,4,28.199999999999985,17.6,1,5,2,6,12,1.0,0.0,ataque,2084,1,1,0,0,1,1,0
Player1,4,28.199999999999985,3.6000000000000023,1,5,2,6,13,0.0,1.0,defesa,2084,1,1,0,0,1,1,0
Player1,4,100,100,1,5,2,4,0,1.0,0.0,ataque,2085,1,1,1,1,1,1,1
Player1,4,100,80.5,3,4,1,5,1,0.0,1.0,defesa,2085,1,1,1,1,1,1,1
Player1,4,82.6,90.5,3,2,7,6,2,1.0,0.0,ataque,2085,0,1,1,0,0,1,1
Player1,4,87.6,86.5,2,7,6,2,3,0.0,1.0,defesa,2085,0,1,0,0,0,1,1
Player1,4,67.3,86.5,1,5,2,6,4,1.0,0.0,ataque,2085,1,1,0,0,1,1,0
Player1,4,65.3,66.5,1,5,2,6,5,0.0,1.0,defesa,2085,1,1,0,0,1,1,0
Player1,4,49.099999999999994,66.5,2,7,6,2,6,1.0,0.0,ataque,2085,0,1,0,0,0,1,1
Player1,4,44.099999999999994,66.5,2,6,7,2,7,0.0,1.0,defesa,2085,0,1,0,0,0,1,1
Player1,4,39.099999999999994,66.5,1,5,2,6,8,1.0,0.0,ataque,2085,1,1,0,0,1,1,0
Player1,4,37.099999999999994,51,1,5,2,6,9,0.0,1.0,defesa,2085,1,1,0,0,1,1,0
Player1,4,22.89999999999999,49,2,7,6,2,10,1.0,0.0,ataque,2085,0,1,0,0,0,1,1
Player1,4,19.89999999999999,36.6,3,2,7,6,11,0.0,1.0,defesa,2085,0,1,1,0,0,1,1
Player1,4,10.899999999999991,34.6,3,1,5,2,12,1.0,0.0,ataque,2085,1,1,1,0,1,1,0
Player1,4,10.899999999999991,20.6,1,5,2,6,13,0.0,1.0,defesa,2085,1,1,0,0,1,1,0
Player1,4,100,100,1,5,2,3,0,1.0,0.0,ataque,2086,1,1,1,1,1,1,1
Player1,4,100,80,3,4,1,5,1,0.0,1.0,defesa,2086,1,1,1,1,1,1,1
Player1,4,82.6,90,4,2,6,7,2,1.0,0.0,ataque,2086,0,1,0,1,0,1,1
Player1,4,82.6,86.5,2,7,6,2,3,0.0,1.0,defesa,2086,0,1,0,0,0,1,1
Player1,4,67.3,86.5,1,5,2,6,4,1.0,0.0,ataque,2086,1,1,0,0,1,1,0
Player1,4,67.3,66.5,1,5,2,6,5,0.0,1.0,defesa,2086,1,1,0,0,1,1,0
Player1,4,51.099999999999994,66.5,2,7,6,2,6,1.0,0.0,ataque,2086,0,1,0,0,0,1,1
Player1,4,46.099999999999994,57.5,2,6,7,2,7,0.0,1.0,defesa,2086,0,1,0,0,0,1,1
Player1,4,28.39999999999999,57.5,1,5,2,6,8,1.0,0.0,ataque,2086,1,1,0,0,1,1,0
Player1,4,18.39999999999999,45.8,1,5,2,6,9,0.0,1.0,defesa,2086,1,1,0,0,1,1,0
Player1,4,100,100,1,5,2,4,0,1.0,0.0,ataque,2087,1,1,1,1,1,1,1
Player1,4,100,80.5,3,4,1,5,1,0.0,1.0,defesa,2087,1,1,1,1,1,1,1
Player1,4,82.6,90.5,3,2,6,7,2,1.0,0.0,ataque,2087,0,1,1,0,0,1,1
Player1,4,87.6,69.5,2,7,6,2,3,0.0,1.0,defesa,2087,0,1,0,0,0,1,1
Player1,4,70.89999999999999,69.5,1,5,2,6,4,1.0,0.0,ataque,2087,1,1,0,0,1,1,0
Player1,4,68.89999999999999,54,1,5,2,6,5,0.0,1.0,defesa,2087,1,1,0,0,1,1,0
Player1,4,53.099999999999994,52,2,6,7,2,6,1.0,0.0,ataque,2087,0,1,0,0,0,1,1
Player1,4,50.099999999999994,50,2,7,6,2,7,0.0,1.0,defesa,2087,0,1,0,0,0,1,1
Player1,4,47.099999999999994,48,1,5,2,6,8,1.0,0.0,ataque,2087,1,1,0,0,1,1,0
Player1,4,47.099999999999994,31.800000000000004,1,5,2,6,9,0.0,1.0,defesa,2087,1,1,0,0,1,1,0
Player1,4,35.199999999999996,26.800000000000004,2,6,7,2,10,1.0,0.0,ataque,2087,0,1,0,0,0,1,1
Player1,4,35.199999999999996,12.700000000000003,3,2,7,6,11,0.0,1.0,defesa,2087,0,1,1,0,0,1,1
Player1,4,100,100,1,5,2,3,0,1.0,0.0,ataque,2088,1,1,1,1,1,1,1
Player1,4,100,80,3,4,1,5,1,0.0,1.0,defesa,2088,1,1,1,1,1,1,1
Player1,4,82.6,90,4,2,6,7,2,1.0,0.0,ataque,2088,0,1,0,1,0,1,1
Player1,4,82.6,69.5,2,6,7,2,3,0.0,1.0,defesa,2088,0,1,0,0,0,1,1
Player1,4,73.6,69.5,1,5,2,6,4,1.0,0.0,ataque,2088,1,1,0,0,1,1,0
Player1,4,73.6,51.3,1,5,2,6,5,0.0,1.0,defesa,2088,1,1,0,0,1,1,0
Player1,4,57.79999999999999,49.3,2,7,6,2,6,1.0,0.0,ataque,2088,0,1,0,0,0,1,1
Player1,4,54.79999999999999,47.3,2,7,6,2,7,0.0,1.0,defesa,2088,0,1,0,0,0,1,1
Player1,4,37.999999999999986,45.3,1,5,2,6,8,1.0,0.0,ataque,2088,1,1,0,0,1,1,0
Player1,4,29.999999999999986,34.9,1,5,2,6,9,0.0,1.0,defesa,2088,1,1,0,0,1,1,0
Player1,4,9.999999999999986,34.9,3,2,7,6,10,1.0,0.0,ataque,2088,0,1,1,0,0,1,1
Player1,4,7.999999999999986,34.9,3,2,6,7,11,0.0,1.0,defesa,2088,0,1,1,0,0,1,1
Player1,4,7.999999999999986,34.9,1,5,2,6,12,1.0,0.0,ataque,2088,1,1,0,0,1,1,0
Player1,4,7.999999999999986,20.9,1,5,2,6,13,0.0,1.0,defesa,2088,1,1,0,0,1,1,0
Player1,4,100,100,1,5,2,3,0,1.0,0.0,ataque,2089,1,1,1,1,1,1,1
Player1,4,100,81,3,4,1,5,1,0.0,1.0,defesa,2089,1,1,1,1,1,1,1
Player1,4,90.69999999999999,100,4,2,7,6,2,1.0,0.0,ataque,2089,0,1,0,1,0,1,1
Player1,4,90.69999999999999,90.5,2,6,7,2,3,0.0,1.0,defesa,2089,0,1,0,0,0,1,1
Player1,4,90.69999999999999,87.5,1,5,2,6,4,1.0,0.0,ataque,2089,1,1,0,0,1,1,0
Player1,4,90.69999999999999,64.5,1,5,2,6,5,0.0,1.0,defesa,2089,1,1,0,0,1,1,0
Player1,4,72.69999999999999,64.5,2,6,7,2,6,1.0,0.0,ataque,2089,0,1,0,0,0,1,1
Player1,4,72.69999999999999,64.5,2,7,6,2,7,0.0,1.0,defesa,2089,0,1,0,0,0,1,1
Player1,4,72.69999999999999,64.5,1,5,2,6,8,1.0,0.0,ataque,2089,1,1,0,0,1,1,0
Player1,4,72.69999999999999,46.9,1,5,2,6,9,0.0,1.0,defesa,2089,1,1,0,0,1,1,0
Player1,4,58.69999999999999,41.9,3,2,7,6,10,1.0,0.0,ataque,2089,0,1,1,0,0,1,1
Player1,4,56.69999999999999,26.699999999999996,3,2,7,6,11,0.0,1.0,defesa,2089,0,1,1,0,0,1,1
Player1,4,54.69999999999999,18.699999999999996,1,5,2,6,12,1.0,0.0,ataque,2089,1,1,0,0,1,1,0
Player1,4,100,100,1,5,2,4,0,1.0,0.0,ataque,2090,1,1,1,1,1,1,1
Player1,4,100,80.5,3,4,1,5,1,0.0,1.0,defesa,2090,1,1,1,1,1,1,1
Player1,4,82.6,90.5,3,2,7,6,2,1.0,0.0,ataque,2090,0,1,1,0,0,1,1
Player1,4,87.6,86.5,2,7,6,2,3,0.0,1.0,defesa,2090,0,1,0,0,0,1,1
Player1,4,67.3,86.5,1,5,2,6,4,1.0,0.0,ataque,2090,1,1,0,0,1,1,0
Player1,4,65.3,66.5,1,5,2,6,5,0.0,1.0,defesa,2090,1,1,0,0,1,1,0
Player1,4,49.099999999999994,66.5,2,6,7,2,6,1.0,0.0,ataque,2090,0,1,0,0,0,1,1
Player1,4,44.099999999999994,66.5,2,7,6,2,7,0.0,1.0,defesa,2090,0,1,0,0,0,1,1
Player1,4,39.099999999999994,66.5,1,5,2,6,8,1.0,0.0,ataque,2090,1,1,0,0,1,1,0
Player1,4,37.099999999999994,51,1,5,2,6,9,0.0,1.0,defesa,2090,1,1,0,0,1,1,0
Player1,4,22.89999999999999,49,2,6,7,2,10,1.0,0.0,ataque,2090,0,1,0,0,0,1,1
Player1,4,19.89999999999999,47,3,2,7,6,11,0.0,1.0,defesa,2090,0,1,1,0,0,1,1
Player1,4,9.899999999999991,45,3,1,5,2,12,1.0,0.0,ataque,2090,1,1,1,0,1,1,0
Player1,4,100,100,1,5,2,3,0,1.0,0.0,ataque,2091,1,1,1,1,1,1,1
Player1,4,100,81,3,4,1,5,1,0.0,1.0,defesa,2091,1,1,1,1,1,1,1
Player1,4,90.69999999999999,100,4,2,7,6,2,1.0,0.0,ataque,2091,0,1,0,1,0,1,1
Player1,4,90.69999999999999,77.5,2,7,6,2,3,0.0,1.0,defesa,2091,0,1,0,0,0,1,1
Player1,4,81.69999999999999,74.5,1,5,2,6,4,1.0,0.0,ataque,2091,1,1,0,0,1,1,0
Player1,4,81.69999999999999,53.5,1,5,2,6,5,0.0,1.0,defesa,2091,1,1,0,0,1,1,0
Player1,4,65.49999999999999,53.5,2,6,7,2,6,1.0,0.0,ataque,2091,0,1,0,0,0,1,1
Player1,4,60.499999999999986,53.5,2,7,6,2,7,0.0,1.0,defesa,2091,0,1,0,0,0,1,1
Player1,4,43.899999999999984,53.5,1,5,2,6,8,1.0,0.0,ataque,2091,1,1,0,0,1,1,0
Player1,4,39.899999999999984,37.7,1,5,2,6,9,0.0,1.0,defesa,2091,1,1,0,0,1,1,0
Player1,4,21.899999999999984,34.7,3,2,7,6,10,1.0,0.0,ataque,2091,0,1,1,0,0,1,1
Player1,4,17.899999999999984,31.700000000000003,3,2,7,6,11,0.0,1.0,defesa,2091,0,1,1,0,0,1,1
Player1,4,17.899999999999984,31.700000000000003,1,5,2,6,12,1.0,0.0,ataque,2091,1,1,0,0,1,1,0
Player1,4,17.899999999999984,20.5,1,5,2,6,13,0.0,1.0,defesa,2091,1,1,0,0,1,1,0
Player1,4,8.399999999999984,20.5,2,6,7,2,14,1.0,0.0,ataque,2091,0,1,0,0,0,1,1
Player1,4,6.399999999999984,12.099999999999998,4,2,6,7,15,0.0,1.0,defesa,2091,0,1,0,1,0,1,1
Player1,4,100,100,1,5,2,4,0,1.0,0.0,ataque,2092,1,1,1,1,1,1,1
Player1,4,100,80.5,3,4,1,5,1,0.0,1.0,defesa,2092,1,1,1,1,1,1,1
Player1,4,82.6,90.5,3,2,6,7,2,1.0,0.0,ataque,2092,0,1,1,0,0,1,1
Player1,4,87.6,69.5,2,7,6,2,3,0.0,1.0,defesa,2092,0,1,0,0,0,1,1
Player1,4,82.6,69.5,1,5,2,6,4,1.0,0.0,ataque,2092,1,1,0,0,1,1,0
Player1,4,80.6,49.5,1,5,2,6,5,0.0,1.0,defesa,2092,1,1,0,0,1,1,0
Player1,4,64.39999999999999,49.5,2,7,6,2,6,1.0,0.0,ataque,2092,0,1,0,0,0,1,1
Player1,4,59.39999999999999,40.5,2,7,6,2,7,0.0,1.0,defesa,2092,0,1,0,0,0,1,1
Player1,4,41.69999999999999,40.5,1,5,2,6,8,1.0,0.0,ataque,2092,1,1,0,0,1,1,0
Player1,4,31.69999999999999,28.799999999999997,1,5,2,6,9,0.0,1.0,defesa,2092,1,1,0,0,1,1,0
Player1,4,11.699999999999989,28.799999999999997,2,6,7,2,10,1.0,0.0,ataque,2092,0,1,0,0,0,1,1
Player1,4,7.699999999999989,18.4,3,2,6,7,11,0.0,1.0,defesa,2092,0,1,1,0,0,1,1
Player1,4,7.699999999999989,18.4,3,1,5,2,12,1.0,0.0,ataque,2092,1,1,1,0,1,1,0
Player1,4,100,100,1,5,2,3,0,1.0,0.0,ataque,2093,1,1,1,1,1,1,1
Player1,4,100,81,3,4,1,5,1,0.0,1.0,defesa,2093,1,1,1,1,1,1,1
Player1,4,97.69999999999999,100,2,4,6,7,2,1.0,0.0,ataque,2093,0,1,0,1,0,1,1
Player1,4,97.69999999999999,100,2,7,6,2,3,0.0,1.0,defesa,2093,0,1,0,0,0,1,1
Player1,4,81.69999999999999,100,1,5,2,6,4,1.0,0.0,ataque,2093,1,1,0,0,1,1,0
Player1,4,81.69999999999999,89.5,1,5,2,6,5,0.0,1.0,defesa,2093,1,1,0,0,1,1,0
Player1,4,60.999999999999986,89.5,2,7,6,2,6,1.0,0.0,ataque,2093,0,1,0,0,0,1,1
Player1,4,60.999999999999986,89.5,2,7,6,2,7,0.0,1.0,defesa,2093,0,1,0,0,0,1,1
Player1,4,60.999999999999986,89.5,1,5,2,6,8,1.0,0.0,ataque,2093,1,1,0,0,1,1,0
Player1,4,60.999999999999986,74,1,5,2,6,9,0.0,1.0,defesa,2093,1,1,0,0,1,1,0
Player1,4,45.19999999999999,72,3,2,6,7,10,1.0,0.0,ataque,2093,0,1,1,0,0,1,1
Player1,4,42.19999999999999,56.2,3,2,7,6,11,0.0,1.0,defesa,2093,0,1,1,0,0,1,1
Player1,4,39.19999999999999,49.2,1,5,2,6,12,1.0,0.0,ataque,2093,1,1,0,0,1,1,0
Player1,4,39.19999999999999,31.800000000000004,1,5,2,6,13,0.0,1.0,defesa,2093,1,1,0,0,1,1,0
Player1,4,27.19999999999999,27.800000000000004,2,6,7,2,14,1.0,0.0,ataque,2093,0,1,0,0,0,1,1
Player1,4,27.19999999999999,18.700000000000003,4,2,6,7,15,0.0,1.0,defesa,2093,0,1,0,1,0,1,1
Player1,4,22.19999999999999,18.700000000000003,4,1,5,2,16,1.0,0.0,ataque,2093,1,1,0,1,1,1,0
Player1,4,22.19999999999999,5.300000000000004,1,5,2,6,17,0.0,1.0,defesa,2093,1,1,0,0,1,1,0
Player1,4,100,100,1,5,2,4,0,1.0,0.0,ataque,2094,1,1,1,1,1,1,1
Player1,4,100,80.5,3,4,1,5,1,0.0,1.0,defesa,2094,1,1,1,1,1,1,1
Player1,4,82.6,90.5,3,2,7,6,2,1.0,0.0,ataque,2094,0,1,1,0,0,1,1
Player1,4,87.6,86.5,2,7,6,2,3,0.0,1.0,defesa,2094,0,1,0,0,0,1,1
Player1,4,67.3,86.5,1,5,2,6,4,1.0,0.0,ataque,2094,1,1,0,0,1,1,0
Player1,4,65.3,66.5,1,5,2,6,5,0.0,1.0,defesa,2094,1,1,0,0,1,1,0
Player1,4,49.099999999999994,66.5,2,7,6,2,6,1.0,0.0,ataque,2094,0,1,0,0,0,1,1
Player1,4,44.099999999999994,57.5,2,7,6,2,7,0.0,1.0,defesa,2094,0,1,0,0,0,1,1
Player1,4,26.39999999999999,57.5,1,5,2,6,8,1.0,0.0,ataque,2094,1,1,0,0,1,1,0
Player1,4,16.39999999999999,45.8,1,5,2,6,9,0.0,1.0,defesa,2094,1,1,0,0,1,1,0
Player1,4,100,100,1,5,2,3,0,1.0,0.0,ataque,2095,1,1,1,1,1,1,1
Player1,4,100,81,3,4,1,5,1,0.0,1.0,defesa,2095,1,1,1,1,1,1,1
Player1,4,97.69999999999999,100,2,4,6,7,2,1.0,0.0,ataque,2095,0,1,0,1,0,1,1
Player1,4,97.69999999999999,84,2,6,7,2,3,0.0,1.0,defesa,2095,0,1,0,0,0,1,1
Player1,4,97.69999999999999,79,1,5,2,6,4,1.0,0.0,ataque,2095,1,1,0,0,1,1,0
Player1,4,97.69999999999999,63.5,1,5,2,6,5,0.0,1.0,defesa,2095,1,1,0,0,1,1,0
Player1,4,79.69999999999999,61.5,2,7,6,2,6,1.0,0.0,ataque,2095,0,1,0,0,0,1,1
Player1,4,79.69999999999999,61.5,2,7,6,2,7,0.0,1.0,defesa,2095,0,1,0,0,0,1,1
Player1,4,79.69999999999999,61.5,1,5,2,6,8,1.0,0.0,ataque,2095,1,1,0,0,1,1,0
Player1,4,79.69999999999999,43.3,1,5,2,6,9,0.0,1.0,defesa,2095,1,1,0,0,1,1,0
Player1,4,63.89999999999999,41.3,3,2,6,7,10,1.0,0.0,ataque,2095,0,1,1,0,0,1,1
Player1,4,60.89999999999999,39.3,3,2,6,7,11,0.0,1.0,defesa,2095,0,1,1,0,0,1,1
Player1,4,44.099999999999994,37.3,1,5,2,6,12,1.0,0.0,ataque,2095,1,1,0,0,1,1,0
Player1,4,36.099999999999994,26.9,1,5,2,6,13,0.0,1.0,defesa,2095,1,1,0,0,1,1,0
Player1,4,16.099999999999994,26.9,2,6,7,2,14,1.0,0.0,ataque,2095,0,1,0,0,0,1,1
Player1,4,14.099999999999994,26.9,4,2,7,6,15,0.0,1.0,defesa,2095,0,1,0,1,0,1,1
Player1,4,6.299999999999994,26.9,4,1,5,2,16,1.0,0.0,ataque,2095,1,1,0,1,1,1,0
Player1,4,100,100,1,5,2,4,0,1.0,0.0,ataque,2096,1,1,1,1,1,1,1
Player1,4,100,81,3,4,1,5,1,0.0,1.0,defesa,2096,1,1,1,1,1,1,1
Player1,4,91,91,2,3,7,6,2,1.0,0.0,ataque,2096,0,1,1,0,0,1,1
Player1,4,89,79,2,7,6,2,3,0.0,1.0,defesa,2096,0,1,0,0,0,1,1
Player1,4,100,100,1,5,2,3,0,1.0,0.0,ataque,2097,1,1,1,1,1,1,1
Player1,4,100,80,3,4,1,5,1,0.0,1.0,defesa,2097,1,1,1,1,1,1,1
Player1,4,82.6,90,4,2,7,6,2,1.0,0.0,ataque,2097,0,1,0,1,0,1,1
Player1,4,82.6,69.5,2,6,7,2,3,0.0,1.0,defesa,2097,0,1,0,0,0,1,1
Player1,4,73.6,69.5,1,5,2,6,4,1.0,0.0,ataque,2097,1,1,0,0,1,1,0
Player1,4,73.6,51.3,1,5,2,6,5,0.0,1.0,defesa,2097,1,1,0,0,1,1,0
Player1,4,57.79999999999999,49.3,2,6,7,2,6,1.0,0.0,ataque,2097,0,1,0,0,0,1,1
Player1,4,54.79999999999999,47.3,2,6,7,2,7,0.0,1.0,defesa,2097,0,1,0,0,0,1,1
Player1,4,51.79999999999999,45.3,1,5,2,6,8,1.0,0.0,ataque,2097,1,1,0,0,1,1,0
Player1,4,51.79999999999999,29.1,1,5,2,6,9,0.0,1.0,defesa,2097,1,1,0,0,1,1,0
Player1,4,39.89999999999999,24.1,3,2,6,7,10,1.0,0.0,ataque,2097,0,1,1,0,0,1,1
Player1,4,39.89999999999999,10.000000000000002,3,2,6,7,11,0.0,1.0,defesa,2097,0,1,1,0,0,1,1
Player1,4,100,100,1,5,2,3,0,1.0,0.0,ataque,2098,1,1,1,1,1,1,1
Player1,4,100,80,3,4,1,5,1,0.0,1.0,defesa,2098,1,1,1,1,1,1,1
Player1,4,82.6,90,4,2,6,7,2,1.0,0.0,ataque,2098,0,1,0,1,0,1,1
Player1,4,82.6,86.5,2,6,7,2,3,0.0,1.0,defesa,2098,0,1,0,0,0,1,1
Player1,4,82.6,86.5,1,5,2,6,4,1.0,0.0,ataque,2098,1,1,0,0,1,1,0
Player1,4,82.6,66.5,1,5,2,6,5,0.0,1.0,defesa,2098,1,1,0,0,1,1,0
Player1,4,66.6,66.5,2,6,7,2,6,1.0,0.0,ataque,2098,0,1,0,0,0,1,1
Player1,4,66.6,66.5,2,6,7,2,7,0.0,1.0,defesa,2098,0,1,0,0,0,1,1
Player1,4,52.8,66.5,1,5,2,6,8,1.0,0.0,ataque,2098,1,1,0,0,1,1,0
Player1,4,47.8,51,1,5,2,6,9,0.0,1.0,defesa,2098,1,1,0,0,1,1,0
Player1,4,28.599999999999994,49,3,2,7,6,10,1.0,0.0,ataque,2098,0,1,1,0,0,1,1
Player1,4,20.599999999999994,47,3,2,7,6,11,0.0,1.0,defesa,2098,0,1,1,0,0,1,1
Player1,4,14.599999999999994,45,1,5,2,6,12,1.0,0.0,ataque,2098,1,1,0,0,1,1,0
Player1,4,14.599999999999994,29,1,5,2,6,13,0.0,1.0,defesa,2098,1,1,0,0,1,1,0
Player1,4,6.799999999999993,29,2,7,6,2,14,1.0,0.0,ataque,2098,0,1,0,0,0,1,1
Player1,4,6.799999999999993,29,4,2,7,6,15,0.0,1.0,defesa,2098,0,1,0,1,0,1,1
Player1,4,6.799999999999993,29,4,1,5,2,16,1.0,0.0,ataque,2098,1,1,0,1,1,1,0
Player1,4,100,100,1,5,2,4,0,1.0,0.0,ataque,2099,1,1,1,1,1,1,1
Player1,4,100,81,3,4,1,5,1,0.0,1.0,defesa,2099,1,1,1,1,1,1,1
Player1,4,91,91,2,3,7,6,2,1.0,0.0,ataque,2099,0,1,1,0,0,1,1
Player1,4,89,79,2,6,7,2,3,0.0,1.0,defesa,2099,0,1,0,0,0,1,1
Player1,4,77.1,86,1,5,2,6,4,1.0,0.0,ataque,2099,1,1,0,0,1,1,0
Player1,4,75.1,66,1,5,2,6,5,0.0,1.0,defesa,2099,1,1,0,0,1,1,0
Player1,4,58.69999999999999,66,2,7,6,2,6,1.0,0.0,ataque,2099,0,1,0,0,0,1,1
Player1,4,56.69999999999999,66,2,6,7,2,7,0.0,1.0,defesa,2099,0,1,0,0,0,1,1
Player1,4,54.69999999999999,66,1,5,2,6,8,1.0,0.0,ataque,2099,1,1,0,0,1,1,0
Player1,4,52.69999999999999,48.6,1,5,2,6,9,0.0,1.0,defesa,2099,1,1,0,0,1,1,0
Player1,4,37.899999999999984,45.6,2,6,7,2,10,1.0,0.0,ataque,2099,0,1,0,0,0,1,1
Player1,4,32.899999999999984,42.6,3,2,6,7,11,0.0,1.0,defesa,2099,0,1,1,0,0,1,1
Player1,4,20.899999999999984,42.6,3,1,5,2,12,1.0,0.0,ataque,2099,1,1,1,0,1,1,0
Player1,4,18.899999999999984,28.6,1,5,2,6,13,0.0,1.0,defesa,2099,1,1,0,0,1,1,0
Player1,4,6.899999999999984,28.6,4,2,6,7,14,1.0,0.0,ataque,2099,0,1,0,1,0,1,1
Player1,4,6.899999999999984,21.8,4,2,7,6,15,0.0,1.0,defesa,2099,0,1,0,1,0,1,1
Player1,4,6.899999999999984,19.8,1,5,2,6,16,1.0,0.0,ataque,2099,1,1,0,0,1,1,0
Player1,4,100,100,1,5,2,4,0,1.0,0.0,ataque,2100,1,1,1,1,1,1,1
Player1,4,100,80.5,3,4,1,5,1,0.0,1.0,defesa,2100,1,1,1,1,1,1,1
Player1,4,82.6,90.5,3,2,7,6,2,1.0,0.0,ataque,2100,0,1,1,0,0,1,1
Player1,4,87.6,69.5,2,6,7,2,3,0.0,1.0,defesa,2100,0,1,0,0,0,1,1
Player1,4,73.6,69.5,1,5,2,6,4,1.0,0.0,ataque,2100,1,1,0,0,1,1,0
Player1,4,71.6,51.3,1,5,2,6,5,0.0,1.0,defesa,2100,1,1,0,0,1,1,0
Player1,4,55.79999999999999,49.3,2,6,7,2,6,1.0,0.0,ataque,2100,0,1,0,0,0,1,1
Player1,4,52.79999999999999,47.3,2,6,7,2,7,0.0,1.0,defesa,2100,0,1,0,0,0,1,1
Player1,4,49.79999999999999,45.3,1,5,2,6,8,1.0,0.0,ataque,2100,1,1,0,0,1,1,0
Player1,4,49.79999999999999,29.1,1,5,2,6,9,0.0,1.0,defesa,2100,1,1,0,0,1,1,0
Player1,4,37.89999999999999,24.1,2,6,7,2,10,1.0,0.0,ataque,2100,0,1,0,0,0,1,1
Player1,4,37.89999999999999,10.000000000000002,3,2,7,6,11,0.0,1.0,defesa,2100,0,1,1,0,0,1,1
Player1,4,100,100,1,5,2,3,0,1.0,0.0,ataque,2101,1,1,1,1,1,1,1
Player1,4,100,80,3,4,1,5,1,0.0,1.0,defesa,2101,1,1,1,1,1,1,1
Player1,4,91.6,90,4,2,6,7,2,1.0,0.0,ataque,2101,0,1,0,1,0,1,1
Player1,4,91.6,70.5,2,7,6,2,3,0.0,1.0,defesa,2101,0,1,0,0,0,1,1
Player1,4,79.89999999999999,67.5,1,5,2,6,4,1.0,0.0,ataque,2101,1,1,0,0,1,1,0
Player1,4,79.89999999999999,46.5,1,5,2,6,5,0.0,1.0,defesa,2101,1,1,0,0,1,1,0
Player1,4,63.69999999999999,46.5,2,7,6,2,6,1.0,0.0,ataque,2101,0,1,0,0,0,1,1
Player1,4,58.69999999999999,46.5,2,6,7,2,7,0.0,1.0,defesa,2101,0,1,0,0,0,1,1
Player1,4,42.09999999999999,46.5,1,5,2,6,8,1.0,0.0,ataque,2101,1,1,0,0,1,1,0
Player1,4,38.09999999999999,30.700000000000003,1,5,2,6,9,0.0,1.0,defesa,2101,1,1,0,0,1,1,0
Player1,4,20.099999999999987,27.700000000000003,3,2,6,7,10,1.0,0.0,ataque,2101,0,1,1,0,0,1,1
Player1,4,16.099999999999987,24.700000000000003,3,2,6,7,11,0.0,1.0,defesa,2101,0,1,1,0,0,1,1
Player1,4,11.899999999999988,24.700000000000003,1,5,2,6,12,1.0,0.0,ataque,2101,1,1,0,0,1,1,0
Player1,4,11.899999999999988,14.700000000000003,1,5,2,6,13,0.0,1.0,defesa,2101,1,1,0,0,1,1,0
Player1,4,100,100,1,5,2,4,0,1.0,0.0,ataque,2102,1,1,1,1,1,1,1
Player1,4,100,81,3,4,1,5,1,0.0,1.0,defesa,2102,1,1,1,1,1,1,1
Player1,4,91,91,2,3,7,6,2,1.0,0.0,ataque,2102,0,1,1,0,0,1,1
Player1,4,89,79,2,7,6,2,3,0.0,1.0,defesa,2102,0,1,0,0,0,1,1
Player1,4,77.1,86,1,5,2,6,4,1.0,0.0,ataque,2102,1,1,0,0,1,1,0
Player1,4,75.1,63,1,5,2,6,5,0.0,1.0,defesa,2102,1,1,0,0,1,1,0
Player1,4,61.099999999999994,63,2,6,7,2,6,1.0,0.0,ataque,2102,0,1,0,0,0,1,1
Player1,4,59.099999999999994,63,2,6,7,2,7,0.0,1.0,defesa,2102,0,1,0,0,0,1,1
Player1,4,57.099999999999994,63,1,5,2,6,8,1.0,0.0,ataque,2102,1,1,0,0,1,1,0
Player1,4,55.099999999999994,45.6,1,5,2,6,9,0.0,1.0,defesa,2102,1,1,0,0,1,1,0
Player1,4,40.29999999999999,42.6,2,7,6,2,10,1.0,0.0,ataque,2102,0,1,0,0,0,1,1
Player1,4,35.29999999999999,39.6,3,2,6,7,11,0.0,1.0,defesa,2102,0,1,1,0,0,1,1
Player1,4,23.29999999999999,39.6,3,1,5,2,12,1.0,0.0,ataque,2102,1,1,1,0,1,1,0
Player1,4,21.29999999999999,25.6,1,5,2,6,13,0.0,1.0,defesa,2102,1,1,0,0,1,1,0
Player1,4,9.29999999999999,25.6,4,2,7,6,14,1.0,0.0,ataque,2102,0,1,0,1,0,1,1
Player1,4,9.29999999999999,18.8,4,2,7,6,15,0.0,1.0,defesa,2102,0,1,0,1,0,1,1
Player1,4,9.29999999999999,16.8,1,5,2,6,16,1.0,0.0,ataque,2102,1,1,0,0,1,1,0
Player1,4,9.29999999999999,2.200000000000002,1,5,2,6,17,0.0,1.0,defesa,2102,1,1,0,0,1,1,0
Player1,4,100,100,1,5,2,4,0,1.0,0.0,ataque,2103,1,1,1,1,1,1,1
Player1,4,100,81,3,4,1,5,1,0.0,1.0,defesa,2103,1,1,1,1,1,1,1
Player1,4,98,91,2,3,6,7,2,1.0,0.0,ataque,2103,0,1,1,0,0,1,1
Player1,4,98,75,2,6,7,2,3,0.0,1.0,defesa,2103,0,1,0,0,0,1,1
Player1,4,94,80,1,5,2,6,4,1.0,0.0,ataque,2103,1,1,0,0,1,1,0
Player1,4,94,57,1,5,2,6,5,0.0,1.0,defesa,2103,1,1,0,0,1,1,0
Player1,4,76,55,2,7,6,2,6,1.0,0.0,ataque,2103,0,1,0,0,0,1,1
Player1,4,76,55,2,6,7,2,7,0.0,1.0,defesa,2103,0,1,0,0,0,1,1
Player1,4,76,55,1,5,2,6,8,1.0,0.0,ataque,2103,1,1,0,0,1,1,0
Player1,4,76,38.800000000000004,1,5,2,6,9,0.0,1.0,defesa,2103,1,1,0,0,1,1,0
Player1,4,56.60000000000001,33.800000000000004,2,6,7,2,10,1.0,0.0,ataque,2103,0,1,0,0,0,1,1
Player1,4,51.60000000000001,28.800000000000004,3,2,6,7,11,0.0,1.0,defesa,2103,0,1,1,0,0,1,1
Player1,4,46.60000000000001,26.800000000000004,3,1,5,2,12,1.0,0.0,ataque,2103,1,1,1,0,1,1,0
Player1,4,44.60000000000001,13.800000000000004,1,5,2,6,13,0.0,1.0,defesa,2103,1,1,0,0,1,1,0
Player1,4,32.60000000000001,13.800000000000004,4,2,7,6,14,1.0,0.0,ataque,2103,0,1,0,1,0,1,1
Player1,4,32.60000000000001,4.800000000000005,4,2,6,7,15,0.0,1.0,defesa,2103,0,1,0,1,0,1,1
Player1,4,100,100,1,5,2,4,0,1.0,0.0,ataque,2104,1,1,1,1,1,1,1
Player1,4,100,81,3,4,1,5,1,0.0,1.0,defesa,2104,1,1,1,1,1,1,1
Player1,4,91,91,2,3,7,6,2,1.0,0.0,ataque,2104,0,1,1,0,0,1,1
Player1,4,89,79,2,7,6,2,3,0.0,1.0,defesa,2104,0,1,0,0,0,1,1
Player1,4,87,76,1,5,2,6,4,1.0,0.0,ataque,2104,1,1,0,0,1,1,0
Player1,4,95,55,1,5,2,6,5,0.0,1.0,defesa,2104,1,1,0,0,1,1,0
Player1,4,77,55,2,7,6,2,6,1.0,0.0,ataque,2104,0,1,0,0,0,1,1
Player1,4,77,45.8,2,6,7,2,7,0.0,1.0,defesa,2104,0,1,0,0,0,1,1
Player1,4,77,43.8,1,5,2,6,8,1.0,0.0,ataque,2104,1,1,0,0,1,1,0
Player1,4,77,24.399999999999995,1,5,2,6,9,0.0,1.0,defesa,2104,1,1,0,0,1,1,0
Player1,4,62.2,19.399999999999995,2,6,7,2,10,1.0,0.0,ataque,2104,0,1,0,0,0,1,1
Player1,4,57.2,8.399999999999993,3,2,7,6,11,0.0,1.0,defesa,2104,0,1,1,0,0,1,1
Player1,4,100,100,1,5,2,4,0,1.0,0.0,ataque,2105,1,1,1,1,1,1,1
Player1,4,100,81,3,4,1,5,1,0.0,1.0,defesa,2105,1,1,1,1,1,1,1
Player1,4,91,91,2,3,6,7,2,1.0,0.0,ataque,2105,0,1,1,0,0,1,1
Player1,4,89,79,2,7,6,2,3,0.0,1.0,defesa,2105,0,1,0,0,0,1,1
Player1,4,79.8,86,1,5,2,6,4,1.0,0.0,ataque,2105,1,1,0,0,1,1,0
Player1,4,77.8,60,1,5,2,6,5,0.0,1.0,defesa,2105,1,1,0,0,1,1,0
Player1,4,63.8,60,2,6,7,2,6,1.0,0.0,ataque,2105,0,1,0,0,0,1,1
Player1,4,61.8,48.9,2,7,6,2,7,0.0,1.0,defesa,2105,0,1,0,0,0,1,1
Player1,4,59.8,45.9,1,5,2,6,8,1.0,0.0,ataque,2105,1,1,0,0,1,1,0
Player1,4,57.8,21.700000000000003,1,5,2,6,9,0.0,1.0,defesa,2105,1,1,0,0,1,1,0
Player1,4,48.699999999999996,13.700000000000003,2,7,6,2,10,1.0,0.0,ataque,2105,0,1,0,0,0,1,1
Player1,4,100,100,1,5,2,4,0,1.0,0.0,ataque,2106,1,1,1,1,1,1,1
Player1,4,100,80.5,3,4,1,5,1,0.0,1.0,defesa,2106,1,1,1,1,1,1,1
Player1,4,91.6,90.5,2,3,6,7,2,1.0,0.0,ataque,2106,0,1,1,0,0,1,1
Player1,4,89.6,90.5,2,7,6,2,3,0.0,1.0,defesa,2106,0,1,0,0,0,1,1
Player1,4,75.6,90.5,1,5,2,6,4,1.0,0.0,ataque,2106,1,1,0,0,1,1,0
Player1,4,80.6,74.3,1,5,2,6,5,0.0,1.0,defesa,2106,1,1,0,0,1,1,0
Player1,4,57.599999999999994,74.3,2,6,7,2,6,1.0,0.0,ataque,2106,0,1,0,0,0,1,1
Player1,4,57.599999999999994,65.89999999999999,2,6,7,2,7,0.0,1.0,defesa,2106,0,1,0,0,0,1,1
Player1,4,46.49999999999999,63.89999999999999,1,5,2,6,8,1.0,0.0,ataque,2106,1,1,0,0,1,1,0
Player1,4,43.49999999999999,44.3,1,5,2,6,9,0.0,1.0,defesa,2106,1,1,0,0,1,1,0
Player1,4,28.799999999999994,37.3,2,6,7,2,10,1.0,0.0,ataque,2106,0,1,0,0,0,1,1
Player1,4,28.799999999999994,21.799999999999997,3,2,7,6,11,0.0,1.0,defesa,2106,0,1,1,0,0,1,1
Player1,4,28.799999999999994,17.799999999999997,3,1,5,2,12,1.0,0.0,ataque,2106,1,1,1,0,1,1,0
Player1,4,28.799999999999994,11.299999999999997,1,5,2,6,13,0.0,1.0,defesa,2106,1,1,0,0,1,1,0
Player1,4,12.399999999999991,11.299999999999997,4,2,6,7,14,1.0,0.0,ataque,2106,0,1,0,1,0,1,1
Player1,4,10.399999999999991,3.799999999999997,4,2,7,6,15,0.0,1.0,defesa,2106,0,1,0,1,0,1,1
Player1,4,100,100,1,5,2,4,0,1.0,0.0,ataque,2107,1,1,1,1,1,1,1
Player1,4,100,81,3,4,1,5,1,0.0,1.0,defesa,2107,1,1,1,1,1,1,1
Player1,4,91,91,2,3,6,7,2,1.0,0.0,ataque,2107,0,1,1,0,0,1,1
Player1,4,89,91,2,6,7,2,3,0.0,1.0,defesa,2107,0,1,0,0,0,1,1
Player1,4,87,91,1,5,2,6,4,1.0,0.0,ataque,2107,1,1,0,0,1,1,0
Player1,4,95,78,1,5,2,6,5,0.0,1.0,defesa,2107,1,1,0,0,1,1,0
Player1,4,77,75,2,7,6,2,6,1.0,0.0,ataque,2107,0,1,0,0,0,1,1
Player1,4,77,72,2,6,7,2,7,0.0,1.0,defesa,2107,0,1,0,0,0,1,1
Player1,4,61.7,72,1,5,2,6,8,1.0,0.0,ataque,2107,1,1,0,0,1,1,0
Player1,4,61.7,54.4,1,5,2,6,9,0.0,1.0,defesa,2107,1,1,0,0,1,1,0
Player1,4,47.7,49.4,2,7,6,2,10,1.0,0.0,ataque,2107,0,1,0,0,0,1,1
Player1,4,45.7,44.4,3,2,6,7,11,0.0,1.0,defesa,2107,0,1,1,0,0,1,1
Player1,4,43.7,42.4,3,1,5,2,12,1.0,0.0,ataque,2107,1,1,1,0,1,1,0
Player1,4,41.7,26.599999999999994,1,5,2,6,13,0.0,1.0,defesa,2107,1,1,0,0,1,1,0
Player1,4,27.700000000000003,23.599999999999994,4,2,7,6,14,1.0,0.0,ataque,2107,0,1,0,1,0,1,1
Player1,4,27.700000000000003,20.599999999999994,4,2,7,6,15,0.0,1.0,defesa,2107,0,1,0,1,0,1,1
Player1,4,27.700000000000003,20.599999999999994,1,5,2,6,16,1.0,0.0,ataque,2107,1,1,0,0,1,1,0
Player1,4,27.700000000000003,11.499999999999993,1,5,2,6,17,0.0,1.0,defesa,2107,1,1,0,0,1,1,0
Player1,4,16.700000000000003,11.499999999999993,2,7,6,2,18,1.0,0.0,ataque,2107,0,1,0,0,0,1,1
Player1,4,14.700000000000003,3.0999999999999934,2,6,7,2,19,0.0,1.0,defesa,2107,0,1,0,0,0,1,1
Player1,4,100,100,1,5,2,4,0,1.0,0.0,ataque,2108,1,1,1,1,1,1,1
Player1,4,100,80.5,3,4,1,5,1,0.0,1.0,defesa,2108,1,1,1,1,1,1,1
Player1,4,82.6,90.5,3,2,6,7,2,1.0,0.0,ataque,2108,0,1,1,0,0,1,1
Player1,4,87.6,69.5,2,6,7,2,3,0.0,1.0,defesa,2108,0,1,0,0,0,1,1
Player1,4,73.6,69.5,1,5,2,6,4,1.0,0.0,ataque,2108,1,1,0,0,1,1,0
Player1,4,71.6,51.3,1,5,2,6,5,0.0,1.0,defesa,2108,1,1,0,0,1,1,0
Player1,4,55.79999999999999,49.3,2,7,6,2,6,1.0,0.0,ataque,2108,0,1,0,0,0,1,1
Player1,4,52.79999999999999,33.5,2,6,7,2,7,0.0,1.0,defesa,2108,0,1,0,0,0,1,1
Player1,4,49.79999999999999,26.5,1,5,2,6,8,1.0,0.0,ataque,2108,1,1,0,0,1,1,0
Player1,4,49.79999999999999,9.100000000000001,1,5,2,6,9,0.0,1.0,defesa,2108,1,1,0,0,1,1,0
Player1,4,100,100,1,5,2,4,0,1.0,0.0,ataque,2109,1,1,1,1,1,1,1
Player1,4,100,80.5,3,4,1,5,1,0.0,1.0,defesa,2109,1,1,1,1,1,1,1
Player1,4,82.6,90.5,3,2,6,7,2,1.0,0.0,ataque,2109,0,1,1,0,0,1,1
Player1,4,87.6,69.5,2,7,6,2,3,0.0,1.0,defesa,2109,0,1,0,0,0,1,1
Player1,4,82.6,69.5,1,5,2,6,4,1.0,0.0,ataque,2109,1,1,0,0,1,1,0
Player1,4,80.6,49.5,1,5,2,6,5,0.0,1.0,defesa,2109,1,1,0,0,1,1,0
Player1,4,64.39999999999999,49.5,2,7,6,2,6,1.0,0.0,ataque,2109,0,1,0,0,0,1,1
Player1,4,59.39999999999999,49.5,2,6,7,2,7,0.0,1.0,defesa,2109,0,1,0,0,0,1,1
Player1,4,54.39999999999999,49.5,1,5,2,6,8,1.0,0.0,ataque,2109,1,1,0,0,1,1,0
Player1,4,52.39999999999999,34,1,5,2,6,9,0.0,1.0,defesa,2109,1,1,0,0,1,1,0
Player1,4,38.19999999999999,32,2,6,7,2,10,1.0,0.0,ataque,2109,0,1,0,0,0,1,1
Player1,4,35.19999999999999,30,3,2,6,7,11,0.0,1.0,defesa,2109,0,1,1,0,0,1,1
Player1,4,23.099999999999987,28,3,1,5,2,12,1.0,0.0,ataque,2109,1,1,1,0,1,1,0
Player1,4,23.099999999999987,18.9,1,5,2,6,13,0.0,1.0,defesa,2109,1,1,0,0,1,1,0
Player1,4,13.099999999999987,18.9,4,2,6,7,14,1.0,0.0,ataque,2109,0,1,0,1,0,1,1
Player1,4,13.099999999999987,7.299999999999999,4,2,6,7,15,0.0,1.0,defesa,2109,0,1,0,1,0,1,1
Player1,4,100,100,1,5,2,4,0,1.0,0.0,ataque,2110,1,1,1,1,1,1,1
Player1,4,100,80.5,3,4,1,5,1,0.0,1.0,defesa,2110,1,1,1,1,1,1,1
Player1,4,91.6,90.5,2,3,7,6,2,1.0,0.0,ataque,2110,0,1,1,0,0,1,1
Player1,4,89.6,78.5,2,6,7,2,3,0.0,1.0,defesa,2110,0,1,0,0,0,1,1
Player1,4,87.6,75.5,1,5,2,6,4,1.0,0.0,ataque,2110,1,1,0,0,1,1,0
Player1,4,95.6,54.5,1,5,2,6,5,0.0,1.0,defesa,2110,1,1,0,0,1,1,0
Player1,4,77.6,54.5,2,7,6,2,6,1.0,0.0,ataque,2110,0,1,0,0,0,1,1
Player1,4,77.6,45.3,2,7,6,2,7,0.0,1.0,defesa,2110,0,1,0,0,0,1,1
Player1,4,67.39999999999999,43.3,1,5,2,6,8,1.0,0.0,ataque,2110,1,1,0,0,1,1,0
Player1,4,64.39999999999999,21.899999999999995,1,5,2,6,9,0.0,1.0,defesa,2110,1,1,0,0,1,1,0
Player1,4,50.99999999999999,14.899999999999995,2,7,6,2,10,1.0,0.0,ataque,2110,0,1,0,0,0,1,1
Player1,4,50.99999999999999,7.899999999999995,3,2,7,6,11,0.0,1.0,defesa,2110,0,1,1,0,0,1,1
Player1,4,100,100,1,5,2,4,0,1.0,0.0,ataque,2111,1,1,1,1,1,1,1
Player1,4,100,81,3,4,1,5,1,0.0,1.0,defesa,2111,1,1,1,1,1,1,1
Player1,4,98,91,2,3,6,7,2,1.0,0.0,ataque,2111,0,1,1,0,0,1,1
Player1,4,98,75,2,7,6,2,3,0.0,1.0,defesa,2111,0,1,0,0,0,1,1
Player1,4,98,70,1,5,2,6,4,1.0,0.0,ataque,2111,1,1,0,0,1,1,0
Player1,4,100,54,1,5,2,6,5,0.0,1.0,defesa,2111,1,1,0,0,1,1,0
Player1,4,79.3,52,2,6,7,2,6,1.0,0.0,ataque,2111,0,1,0,0,0,1,1
Player1,4,79.3,43,2,7,6,2,7,0.0,1.0,defesa,2111,0,1,0,0,0,1,1
Player1,4,65.5,43,1,5,2,6,8,1.0,0.0,ataque,2111,1,1,0,0,1,1,0
Player1,4,60.5,27.5,1,5,2,6,9,0.0,1.0,defesa,2111,1,1,0,0,1,1,0
Player1,4,41.3,25.5,2,7,6,2,10,1.0,0.0,ataque,2111,0,1,0,0,0,1,1
Player1,4,33.3,23.5,3,2,7,6,11,0.0,1.0,defesa,2111,0,1,1,0,0,1,1
Player1,4,27.299999999999997,21.5,3,1,5,2,12,1.0,0.0,ataque,2111,1,1,1,0,1,1,0
Player1,4,27.299999999999997,5.5,1,5,2,6,13,0.0,1.0,defesa,2111,1,1,0,0,1,1,0
Player1,4,17.699999999999996,5.5,4,2,6,7,14,1.0,0.0,ataque,2111,0,1,0,1,0,1,1
Player1,4,17.699999999999996,5.5,4,2,7,6,15,0.0,1.0,defesa,2111,0,1,0,1,0,1,1
Player1,4,100,100,1,5,2,3,0,1.0,0.0,ataque,2112,1,1,1,1,1,1,1
Player1,4,100,80,3,4,1,5,1,0.0,1.0,defesa,2112,1,1,1,1,1,1,1
Player1,4,91.6,90,4,2,6,7,2,1.0,0.0,ataque,2112,0,1,0,1,0,1,1
Player1,4,91.6,80.5,2,6,7,2,3,0.0,1.0,defesa,2112,0,1,0,0,0,1,1
Player1,4,91.6,77.5,1,5,2,6,4,1.0,0.0,ataque,2112,1,1,0,0,1,1,0
Player1,4,91.6,54.5,1,5,2,6,5,0.0,1.0,defesa,2112,1,1,0,0,1,1,0
Player1,4,73.6,54.5,2,6,7,2,6,1.0,0.0,ataque,2112,0,1,0,0,0,1,1
Player1,4,73.6,54.5,2,7,6,2,7,0.0,1.0,defesa,2112,0,1,0,0,0,1,1
Player1,4,64.39999999999999,54.5,1,5,2,6,8,1.0,0.0,ataque,2112,1,1,0,0,1,1,0
Player1,4,62.39999999999999,38.7,1,5,2,6,9,0.0,1.0,defesa,2112,1,1,0,0,1,1,0
Player1,4,44.199999999999996,35.7,3,2,6,7,10,1.0,0.0,ataque,2112,0,1,1,0,0,1,1
Player1,4,37.199999999999996,32.7,3,2,7,6,11,0.0,1.0,defesa,2112,0,1,1,0,0,1,1
Player1,4,22.199999999999996,32.7,1,5,2,6,12,1.0,0.0,ataque,2112,1,1,0,0,1,1,0
Player1,4,18.199999999999996,20.700000000000003,1,5,2,6,13,0.0,1.0,defesa,2112,1,1,0,0,1,1,0
Player1,4,4.199999999999995,20.700000000000003,2,7,6,2,14,1.0,0.0,ataque,2112,0,1,0,0,0,1,1
Player1,4,4.199999999999995,14.700000000000003,4,2,7,6,15,0.0,1.0,defesa,2112,0,1,0,1,0,1,1
Player1,4,4.199999999999995,12.700000000000003,4,1,5,2,16,1.0,0.0,ataque,2112,1,1,0,1,1,1,0
Player1,4,100,100,1,5,2,3,0,1.0,0.0,ataque,2113,1,1,1,1,1,1,1
Player1,4,100,80,3,4,1,5,1,0.0,1.0,defesa,2113,1,1,1,1,1,1,1
Player1,4,82.6,90,4,2,6,7,2,1.0,0.0,ataque,2113,0,1,0,1,0,1,1
Player1,4,82.6,86.5,2,7,6,2,3,0.0,1.0,defesa,2113,0,1,0,0,0,1,1
Player1,4,82.6,86.5,1,5,2,6,4,1.0,0.0,ataque,2113,1,1,0,0,1,1,0
Player1,4,82.6,66.5,1,5,2,6,5,0.0,1.0,defesa,2113,1,1,0,0,1,1,0
Player1,4,66.6,66.5,2,6,7,2,6,1.0,0.0,ataque,2113,0,1,0,0,0,1,1
Player1,4,66.6,51.6,2,6,7,2,7,0.0,1.0,defesa,2113,0,1,0,0,0,1,1
Player1,4,58.59999999999999,46.6,1,5,2,6,8,1.0,0.0,ataque,2113,1,1,0,0,1,1,0
Player1,4,58.59999999999999,25.4,1,5,2,6,9,0.0,1.0,defesa,2113,1,1,0,0,1,1,0
Player1,4,46.69999999999999,15.399999999999999,3,2,7,6,10,1.0,0.0,ataque,2113,0,1,1,0,0,1,1
Player1,4,100,100,1,5,2,4,0,1.0,0.0,ataque,2114,1,1,1,1,1,1,1
Player1,4,100,80.5,3,4,1,5,1,0.0,1.0,defesa,2114,1,1,1,1,1,1,1
Player1,4,82.6,90.5,3,2,7,6,2,1.0,0.0,ataque,2114,0,1,1,0,0,1,1
Player1,4,87.6,86.5,2,6,7,2,3,0.0,1.0,defesa,2114,0,1,0,0,0,1,1
Player1,4,82.6,86.5,1,5,2,6,4,1.0,0.0,ataque,2114,1,1,0,0,1,1,0
Player1,4,80.6,66.5,1,5,2,6,5,0.0,1.0,defesa,2114,1,1,0,0,1,1,0
Player1,4,64.6,66.5,2,6,7,2,6,1.0,0.0,ataque,2114,0,1,0,0,0,1,1
Player1,4,64.6,51.6,2,6,7,2,7,0.0,1.0,defesa,2114,0,1,0,0,0,1,1
Player1,4,56.599999999999994,46.6,1,5,2,6,8,1.0,0.0,ataque,2114,1,1,0,0,1,1,0
Player1,4,56.599999999999994,25.4,1,5,2,6,9,0.0,1.0,defesa,2114,1,1,0,0,1,1,0
Player1,4,44.699999999999996,15.399999999999999,2,6,7,2,10,1.0,0.0,ataque,2114,0,1,0,0,0,1,1
Player1,4,44.699999999999996,5.399999999999999,3,2,6,7,11,0.0,1.0,defesa,2114,0,1,1,0,0,1,1
Player1,4,100,100,1,5,2,3,0,1.0,0.0,ataque,2115,1,1,1,1,1,1,1
Player1,4,100,81,3,4,1,5,1,0.0,1.0,defesa,2115,1,1,1,1,1,1,1
Player1,4,97.69999999999999,100,2,4,7,6,2,1.0,0.0,ataque,2115,0,1,0,1,0,1,1
Player1,4,97.69999999999999,84,2,7,6,2,3,0.0,1.0,defesa,2115,0,1,0,0,0,1,1
Player1,4,94.19999999999999,84,1,5,2,6,4,1.0,0.0,ataque,2115,1,1,0,0,1,1,0
Player1,4,94.19999999999999,66,1,5,2,6,5,0.0,1.0,defesa,2115,1,1,0,0,1,1,0
Player1,4,76.19999999999999,66,2,7,6,2,6,1.0,0.0,ataque,2115,0,1,0,0,0,1,1
Player1,4,76.19999999999999,52.2,2,6,7,2,7,0.0,1.0,defesa,2115,0,1,0,0,0,1,1
Player1,4,67.19999999999999,47.2,1,5,2,6,8,1.0,0.0,ataque,2115,1,1,0,0,1,1,0
Player1,4,67.19999999999999,27.4,1,5,2,6,9,0.0,1.0,defesa,2115,1,1,0,0,1,1,0
Player1,4,51.19999999999999,17.4,3,2,6,7,10,1.0,0.0,ataque,2115,0,1,1,0,0,1,1
Player1,4,51.19999999999999,1.3999999999999986,3,2,6,7,11,0.0,1.0,defesa,2115,0,1,1,0,0,1,1
Player1,4,100,100,1,5,2,4,0,1.0,0.0,ataque,2116,1,1,1,1,1,1,1
Player1,4,100,80.5,3,4,1,5,1,0.0,1.0,defesa,2116,1,1,1,1,1,1,1
Player1,4,82.6,90.5,3,2,6,7,2,1.0,0.0,ataque,2116,0,1,1,0,0,1,1
Player1,4,87.6,86.5,2,7,6,2,3,0.0,1.0,defesa,2116,0,1,0,0,0,1,1
Player1,4,82.6,86.5,1,5,2,6,4,1.0,0.0,ataque,2116,1,1,0,0,1,1,0
Player1,4,80.6,66.5,1,5,2,6,5,0.0,1.0,defesa,2116,1,1,0,0,1,1,0
Player1,4,64.6,66.5,2,7,6,2,6,1.0,0.0,ataque,2116,0,1,0,0,0,1,1
Player1,4,64.6,51.6,2,7,6,2,7,0.0,1.0,defesa,2116,0,1,0,0,0,1,1
Player1,4,64.6,46.6,1,5,2,6,8,1.0,0.0,ataque,2116,1,1,0,0,1,1,0
Player1,4,64.6,26.1,1,5,2,6,9,0.0,1.0,defesa,2116,1,1,0,0,1,1,0
Player1,4,50.39999999999999,22.1,2,6,7,2,10,1.0,0.0,ataque,2116,0,1,0,0,0,1,1
Player1,4,47.39999999999999,7.700000000000003,3,2,7,6,11,0.0,1.0,defesa,2116,0,1,1,0,0,1,1
Player1,4,100,100,1,5,2,4,0,1.0,0.0,ataque,2117,1,1,1,1,1,1,1
Player1,4,100,80.5,3,4,1,5,1,0.0,1.0,defesa,2117,1,1,1,1,1,1,1
Player1,4,82.6,90.5,3,2,6,7,2,1.0,0.0,ataque,2117,0,1,1,0,0,1,1
Player1,4,87.6,69.5,2,6,7,2,3,0.0,1.0,defesa,2117,0,1,0,0,0,1,1
Player1,4,82.6,69.5,1,5,2,6,4,1.0,0.0,ataque,2117,1,1,0,0,1,1,0
Player1,4,80.6,49.5,1,5,2,6,5,0.0,1.0,defesa,2117,1,1,0,0,1,1,0
Player1,4,64.39999999999999,49.5,2,6,7,2,6,1.0,0.0,ataque,2117,0,1,0,0,0,1,1
Player1,4,59.39999999999999,49.5,2,7,6,2,7,0.0,1.0,defesa,2117,0,1,0,0,0,1,1
Player1,4,54.39999999999999,49.5,1,5,2,6,8,1.0,0.0,ataque,2117,1,1,0,0,1,1,0
Player1,4,52.39999999999999,34,1,5,2,6,9,0.0,1.0,defesa,2117,1,1,0,0,1,1,0
Player1,4,38.19999999999999,32,2,6,7,2,10,1.0,0.0,ataque,2117,0,1,0,0,0,1,1
Player1,4,35.19999999999999,30,3,2,6,7,11,0.0,1.0,defesa,2117,0,1,1,0,0,1,1
Player1,4,25.19999999999999,28,3,1,5,2,12,1.0,0.0,ataque,2117,1,1,1,0,1,1,0
Player1,4,25.19999999999999,16.799999999999997,1,5,2,6,13,0.0,1.0,defesa,2117,1,1,0,0,1,1,0
Player1,4,15.199999999999989,16.799999999999997,4,2,6,7,14,1.0,0.0,ataque,2117,0,1,0,1,0,1,1
Player1,4,15.199999999999989,5.1999999999999975,4,2,6,7,15,0.0,1.0,defesa,2117,0,1,0,1,0,1,1
Player1,4,100,100,1,5,2,3,0,1.0,0.0,ataque,2118,1,1,1,1,1,1,1
Player1,4,100,81,3,4,1,5,1,0.0,1.0,defesa,2118,1,1,1,1,1,1,1
Player1,4,90.69999999999999,100,4,2,6,7,2,1.0,0.0,ataque,2118,0,1,0,1,0,1,1
Player1,4,90.69999999999999,80.5,2,7,6,2,3,0.0,1.0,defesa,2118,0,1,0,0,0,1,1
Player1,4,90.69999999999999,77.5,1,5,2,6,4,1.0,0.0,ataque,2118,1,1,0,0,1,1,0
Player1,4,90.69999999999999,51.5,1,5,2,6,5,0.0,1.0,defesa,2118,1,1,0,0,1,1,0
Player1,4,76.69999999999999,51.5,2,6,7,2,6,1.0,0.0,ataque,2118,0,1,0,0,0,1,1
Player1,4,74.69999999999999,51.5,2,6,7,2,7,0.0,1.0,defesa,2118,0,1,0,0,0,1,1
Player1,4,72.69999999999999,51.5,1,5,2,6,8,1.0,0.0,ataque,2118,1,1,0,0,1,1,0
Player1,4,70.69999999999999,34.1,1,5,2,6,9,0.0,1.0,defesa,2118,1,1,0,0,1,1,0
Player1,4,55.899999999999984,31.1,3,2,6,7,10,1.0,0.0,ataque,2118,0,1,1,0,0,1,1
Player1,4,50.899999999999984,28.1,3,2,7,6,11,0.0,1.0,defesa,2118,0,1,1,0,0,1,1
Player1,4,45.899999999999984,28.1,1,5,2,6,12,1.0,0.0,ataque,2118,1,1,0,0,1,1,0
Player1,4,43.899999999999984,14.5,1,5,2,6,13,0.0,1.0,defesa,2118,1,1,0,0,1,1,0
Player1,4,34.29999999999999,14.5,2,6,7,2,14,1.0,0.0,ataque,2118,0,1,0,0,0,1,1
Player1,4,34.29999999999999,14.5,4,2,6,7,15,0.0,1.0,defesa,2118,0,1,0,1,0,1,1
Player1,4,34.29999999999999,14.5,4,1,5,2,16,1.0,0.0,ataque,2118,1,1,0,1,1,1,0
Player1,4,34.29999999999999,2.500000000000001,1,5,2,6,17,0.0,1.0,defesa,2118,1,1,0,0,1,1,0
Player1,4,100,100,1,5,2,3,0,1.0,0.0,ataque,2119,1,1,1,1,1,1,1
Player1,4,100,80,3,4,1,5,1,0.0,1.0,defesa,2119,1,1,1,1,1,1,1
Player1,4,91.6,90,4,2,6,7,2,1.0,0.0,ataque,2119,0,1,0,1,0,1,1
Player1,4,91.6,80.5,2,6,7,2,3,0.0,1.0,defesa,2119,0,1,0,0,0,1,1
Player1,4,81.6,77.5,1,5,2,6,4,1.0,0.0,ataque,2119,1,1,0,0,1,1,0
Player1,4,81.6,56.5,1,5,2,6,5,0.0,1.0,defesa,2119,1,1,0,0,1,1,0
Player1,4,63.39999999999999,56.5,2,6,7,2,6,1.0,0.0,ataque,2119,0,1,0,0,0,1,1
Player1,4,61.39999999999999,46.300000000000004,2,6,7,2,7,0.0,1.0,defesa,2119,0,1,0,0,0,1,1
Player1,4,59.39999999999999,43.300000000000004,1,5,2,6,8,1.0,0.0,ataque,2119,1,1,0,0,1,1,0
Player1,4,57.39999999999999,20.900000000000002,1,5,2,6,9,0.0,1.0,defesa,2119,1,1,0,0,1,1,0
Player1,4,46.99999999999999,12.900000000000002,3,2,7,6,10,1.0,0.0,ataque,2119,0,1,1,0,0,1,1
Player1,4,46.99999999999999,4.900000000000002,3,2,6,7,11,0.0,1.0,defesa,2119,0,1,1,0,0,1,1
Player1,4,100,100,1,5,2,4,0,1.0,0.0,ataque,2120,1,1,1,1,1,1,1
Player1,4,100,80.5,3,4,1,5,1,0.0,1.0,defesa,2120,1,1,1,1,1,1,1
Player1,4,82.6,90.5,3,2,7,6,2,1.0,0.0,ataque,2120,0,1,1,0,0,1,1
Player1,4,87.6,86.5,2,6,7,2,3,0.0,1.0,defesa,2120,0,1,0,0,0,1,1
Player1,4,67.3,86.5,1,5,2,6,4,1.0,0.0,ataque,2120,1,1,0,0,1,1,0
Player1,4,65.3,66.5,1,5,2,6,5,0.0,1.0,defesa,2120,1,1,0,0,1,1,0
Player1,4,49.099999999999994,66.5,2,7,6,2,6,1.0,0.0,ataque,2120,0,1,0,0,0,1,1
Player1,4,44.099999999999994,66.5,2,6,7,2,7,0.0,1.0,defesa,2120,0,1,0,0,0,1,1
Player1,4,39.099999999999994,66.5,1,5,2,6,8,1.0,0.0,ataque,2120,1,1,0,0,1,1,0
Player1,4,37.099999999999994,51,1,5,2,6,9,0.0,1.0,defesa,2120,1,1,0,0,1,1,0
Player1,4,22.89999999999999,49,2,7,6,2,10,1.0,0.0,ataque,2120,0,1,0,0,0,1,1
Player1,4,19.89999999999999,36.6,3,2,6,7,11,0.0,1.0,defesa,2120,0,1,1,0,0,1,1
Player1,4,16.89999999999999,34.6,3,1,5,2,12,1.0,0.0,ataque,2120,1,1,1,0,1,1,0
Player1,4,16.89999999999999,24.200000000000003,1,5,2,6,13,0.0,1.0,defesa,2120,1,1,0,0,1,1,0
Player1,4,6.8999999999999915,24.200000000000003,4,2,6,7,14,1.0,0.0,ataque,2120,0,1,0,1,0,1,1
Player1,4,6.8999999999999915,24.200000000000003,4,2,7,6,15,0.0,1.0,defesa,2120,0,1,0,1,0,1,1
Player1,4,100,100,1,5,2,3,0,1.0,0.0,ataque,2121,1,1,1,1,1,1,1
Player1,4,100,81,3,4,1,5,1,0.0,1.0,defesa,2121,1,1,1,1,1,1,1
Player1,4,90.69999999999999,100,4,2,7,6,2,1.0,0.0,ataque,2121,0,1,0,1,0,1,1
Player1,4,90.69999999999999,90.5,2,6,7,2,3,0.0,1.0,defesa,2121,0,1,0,0,0,1,1
Player1,4,77.69999999999999,87.5,1,5,2,6,4,1.0,0.0,ataque,2121,1,1,0,0,1,1,0
Player1,4,77.69999999999999,69.2,1,5,2,6,5,0.0,1.0,defesa,2121,1,1,0,0,1,1,0
Player1,4,59.499999999999986,69.2,2,7,6,2,6,1.0,0.0,ataque,2121,0,1,0,0,0,1,1
Player1,4,57.499999999999986,69.2,2,7,6,2,7,0.0,1.0,defesa,2121,0,1,0,0,0,1,1
Player1,4,44.399999999999984,69.2,1,5,2,6,8,1.0,0.0,ataque,2121,1,1,0,0,1,1,0
Player1,4,39.399999999999984,51.599999999999994,1,5,2,6,9,0.0,1.0,defesa,2121,1,1,0,0,1,1,0
Player1,4,24.69999999999998,46.599999999999994,3,2,7,6,10,1.0,0.0,ataque,2121,0,1,1,0,0,1,1
Player1,4,24.69999999999998,41.599999999999994,3,2,6,7,11,0.0,1.0,defesa,2121,0,1,1,0,0,1,1
Player1,4,24.69999999999998,39.599999999999994,1,5,2,6,12,1.0,0.0,ataque,2121,1,1,0,0,1,1,0
Player1,4,24.69999999999998,29.599999999999994,1,5,2,6,13,0.0,1.0,defesa,2121,1,1,0,0,1,1,0
Player1,4,6.699999999999982,29.599999999999994,2,7,6,2,14,1.0,0.0,ataque,2121,0,1,0,0,0,1,1
Player1,4,6.699999999999982,23.599999999999994,4,2,7,6,15,0.0,1.0,defesa,2121,0,1,0,1,0,1,1
Player1,4,6.699999999999982,21.599999999999994,4,1,5,2,16,1.0,0.0,ataque,2121,1,1,0,1,1,1,0
Player1,4,100,100,1,5,2,4,0,1.0,0.0,ataque,2122,1,1,1,1,1,1,1
Player1,4,100,81,3,4,1,5,1,0.0,1.0,defesa,2122,1,1,1,1,1,1,1
Player1,4,91,91,2,3,6,7,2,1.0,0.0,ataque,2122,0,1,1,0,0,1,1
Player1,4,89,91,2,7,6,2,3,0.0,1.0,defesa,2122,0,1,0,0,0,1,1
Player1,4,75,91,1,5,2,6,4,1.0,0.0,ataque,2122,1,1,0,0,1,1,0
Player1,4,80,74.8,1,5,2,6,5,0.0,1.0,defesa,2122,1,1,0,0,1,1,0
Player1,4,57,74.8,2,7,6,2,6,1.0,0.0,ataque,2122,0,1,0,0,0,1,1
Player1,4,57,66.39999999999999,2,6,7,2,7,0.0,1.0,defesa,2122,0,1,0,0,0,1,1
Player1,4,57,64.39999999999999,1,5,2,6,8,1.0,0.0,ataque,2122,1,1,0,0,1,1,0
Player1,4,57,46.599999999999994,1,5,2,6,9,0.0,1.0,defesa,2122,1,1,0,0,1,1,0
Player1,4,40.800000000000004,41.599999999999994,2,7,6,2,10,1.0,0.0,ataque,2122,0,1,0,0,0,1,1
Player1,4,35.800000000000004,31.599999999999994,3,2,7,6,11,0.0,1.0,defesa,2122,0,1,1,0,0,1,1
Player1,4,18.900000000000006,31.599999999999994,3,1,5,2,12,1.0,0.0,ataque,2122,1,1,1,0,1,1,0
Player1,4,16.900000000000006,22.499999999999993,1,5,2,6,13,0.0,1.0,defesa,2122,1,1,0,0,1,1,0
Player1,4,5.900000000000006,22.499999999999993,4,2,7,6,14,1.0,0.0,ataque,2122,0,1,0,1,0,1,1
Player1,4,3.9000000000000057,14.09999999999999,4,2,6,7,15,0.0,1.0,defesa,2122,0,1,0,1,0,1,1
Player1,4,1.9000000000000057,11.09999999999999,1,5,2,6,16,1.0,0.0,ataque,2122,1,1,0,0,1,1,0
Player1,4,100,100,1,5,2,4,0,1.0,0.0,ataque,2123,1,1,1,1,1,1,1
Player1,4,100,81,3,4,1,5,1,0.0,1.0,defesa,2123,1,1,1,1,1,1,1
Player1,4,91,91,2,3,6,7,2,1.0,0.0,ataque,2123,0,1,1,0,0,1,1
Player1,4,89,91,2,7,6,2,3,0.0,1.0,defesa,2123,0,1,0,0,0,1,1
Player1,4,75,91,1,5,2,6,4,1.0,0.0,ataque,2123,1,1,0,0,1,1,0
Player1,4,80,74.8,1,5,2,6,5,0.0,1.0,defesa,2123,1,1,0,0,1,1,0
Player1,4,57,74.8,2,6,7,2,6,1.0,0.0,ataque,2123,0,1,0,0,0,1,1
Player1,4,57,66.39999999999999,2,7,6,2,7,0.0,1.0,defesa,2123,0,1,0,0,0,1,1
Player1,4,57,64.39999999999999,1,5,2,6,8,1.0,0.0,ataque,2123,1,1,0,0,1,1,0
Player1,4,57,46.599999999999994,1,5,2,6,9,0.0,1.0,defesa,2123,1,1,0,0,1,1,0
Player1,4,40.800000000000004,41.599999999999994,2,6,7,2,10,1.0,0.0,ataque,2123,0,1,0,0,0,1,1
Player1,4,35.800000000000004,31.599999999999994,3,2,6,7,11,0.0,1.0,defesa,2123,0,1,1,0,0,1,1
Player1,4,30.800000000000004,31.599999999999994,3,1,5,2,12,1.0,0.0,ataque,2123,1,1,1,0,1,1,0
Player1,4,28.800000000000004,17.599999999999994,1,5,2,6,13,0.0,1.0,defesa,2123,1,1,0,0,1,1,0
Player1,4,16.800000000000004,17.599999999999994,4,2,7,6,14,1.0,0.0,ataque,2123,0,1,0,1,0,1,1
Player1,4,16.800000000000004,17.599999999999994,4,2,7,6,15,0.0,1.0,defesa,2123,0,1,0,1,0,1,1
Player1,4,10.000000000000004,17.599999999999994,1,5,2,6,16,1.0,0.0,ataque,2123,1,1,0,0,1,1,0
Player1,4,8.000000000000004,6.599999999999994,1,5,2,6,17,0.0,1.0,defesa,2123,1,1,0,0,1,1,0
Player1,4,100,100,1,5,2,4,0,1.0,0.0,ataque,2124,1,1,1,1,1,1,1
Player1,4,100,81,3,4,1,5,1,0.0,1.0,defesa,2124,1,1,1,1,1,1,1
Player1,4,91,91,2,3,6,7,2,1.0,0.0,ataque,2124,0,1,1,0,0,1,1
Player1,4,89,79,2,7,6,2,3,0.0,1.0,defesa,2124,0,1,0,0,0,1,1
Player1,4,79.8,86,1,5,2,6,4,1.0,0.0,ataque,2124,1,1,0,0,1,1,0
Player1,4,77.8,60,1,5,2,6,5,0.0,1.0,defesa,2124,1,1,0,0,1,1,0
Player1,4,63.8,60,2,6,7,2,6,1.0,0.0,ataque,2124,0,1,0,0,0,1,1
Player1,4,61.8,60,2,6,7,2,7,0.0,1.0,defesa,2124,0,1,0,0,0,1,1
Player1,4,49.6,60,1,5,2,6,8,1.0,0.0,ataque,2124,1,1,0,0,1,1,0
Player1,4,44.6,40.599999999999994,1,5,2,6,9,0.0,1.0,defesa,2124,1,1,0,0,1,1,0
Player1,4,31.200000000000003,35.599999999999994,2,6,7,2,10,1.0,0.0,ataque,2124,0,1,0,0,0,1,1
Player1,4,31.200000000000003,30.599999999999994,3,2,7,6,11,0.0,1.0,defesa,2124,0,1,1,0,0,1,1
Player1,4,14.200000000000003,28.599999999999994,3,1,5,2,12,1.0,0.0,ataque,2124,1,1,1,0,1,1,0
Player1,4,100,100,1,5,2,3,0,1.0,0.0,ataque,2125,1,1,1,1,1,1,1
Player1,4,100,80,3,4,1,5,1,0.0,1.0,defesa,2125,1,1,1,1,1,1,1
Player1,4,82.6,90,4,2,7,6,2,1.0,0.0,ataque,2125,0,1,0,1,0,1,1
Player1,4,82.6,69.5,2,6,7,2,3,0.0,1.0,defesa,2125,0,1,0,0,0,1,1
Player1,4,82.6,69.5,1,5,2,6,4,1.0,0.0,ataque,2125,1,1,0,0,1,1,0
Player1,4,82.6,49.5,1,5,2,6,5,0.0,1.0,defesa,2125,1,1,0,0,1,1,0
Player1,4,66.39999999999999,49.5,2,6,7,2,6,1.0,0.0,ataque,2125,0,1,0,0,0,1,1
Player1,4,61.39999999999999,49.5,2,7,6,2,7,0.0,1.0,defesa,2125,0,1,0,0,0,1,1
Player1,4,56.39999999999999,49.5,1,5,2,6,8,1.0,0.0,ataque,2125,1,1,0,0,1,1,0
Player1,4,54.39999999999999,34,1,5,2,6,9,0.0,1.0,defesa,2125,1,1,0,0,1,1,0
Player1,4,40.19999999999999,32,3,2,7,6,10,1.0,0.0,ataque,2125,0,1,1,0,0,1,1
Player1,4,37.19999999999999,30,3,2,6,7,11,0.0,1.0,defesa,2125,0,1,1,0,0,1,1
Player1,4,27.19999999999999,28,1,5,2,6,12,1.0,0.0,ataque,2125,1,1,0,0,1,1,0
Player1,4,27.19999999999999,16.799999999999997,1,5,2,6,13,0.0,1.0,defesa,2125,1,1,0,0,1,1,0
Player1,4,17.19999999999999,16.799999999999997,2,7,6,2,14,1.0,0.0,ataque,2125,0,1,0,0,0,1,1
Player1,4,17.19999999999999,5.1999999999999975,4,2,6,7,15,0.0,1.0,defesa,2125,0,1,0,1,0,1,1
Player1,4,100,100,1,5,2,3,0,1.0,0.0,ataque,2126,1,1,1,1,1,1,1
Player1,4,100,80,3,4,1,5,1,0.0,1.0,defesa,2126,1,1,1,1,1,1,1
Player1,4,82.6,90,4,2,6,7,2,1.0,0.0,ataque,2126,0,1,0,1,0,1,1
Player1,4,82.6,86.5,2,7,6,2,3,0.0,1.0,defesa,2126,0,1,0,0,0,1,1
Player1,4,82.6,86.5,1,5,2,6,4,1.0,0.0,ataque,2126,1,1,0,0,1,1,0
Player1,4,82.6,66.5,1,5,2,6,5,0.0,1.0,defesa,2126,1,1,0,0,1,1,0
Player1,4,66.6,66.5,2,6,7,2,6,1.0,0.0,ataque,2126,0,1,0,0,0,1,1
Player1,4,66.6,66.5,2,6,7,2,7,0.0,1.0,defesa,2126,0,1,0,0,0,1,1
Player1,4,66.6,66.5,1,5,2,6,8,1.0,0.0,ataque,2126,1,1,0,0,1,1,0
Player1,4,66.6,48.9,1,5,2,6,9,0.0,1.0,defesa,2126,1,1,0,0,1,1,0
Player1,4,49,43.9,3,2,6,7,10,1.0,0.0,ataque,2126,0,1,1,0,0,1,1
Player1,4,44,38.9,3,2,7,6,11,0.0,1.0,defesa,2126,0,1,1,0,0,1,1
Player1,4,32,36.9,1,5,2,6,12,1.0,0.0,ataque,2126,1,1,0,0,1,1,0
Player1,4,30,18.899999999999995,1,5,2,6,13,0.0,1.0,defesa,2126,1,1,0,0,1,1,0
Player1,4,22.2,18.899999999999995,2,6,7,2,14,1.0,0.0,ataque,2126,0,1,0,0,0,1,1
Player1,4,22.2,18.899999999999995,4,2,6,7,15,0.0,1.0,defesa,2126,0,1,0,1,0,1,1
Player1,4,22.2,18.899999999999995,4,1,5,2,16,1.0,0.0,ataque,2126,1,1,0,1,1,1,0
Player1,4,22.2,4.299999999999995,1,5,2,6,17,0.0,1.0,defesa,2126,1,1,0,0,1,1,0
Player1,4,100,100,1,5,2,3,0,1.0,0.0,ataque,2127,1,1,1,1,1,1,1
Player1,4,100,80,3,4,1,5,1,0.0,1.0,defesa,2127,1,1,1,1,1,1,1
Player1,4,82.6,90,4,2,7,6,2,1.0,0.0,ataque,2127,0,1,0,1,0,1,1
Player1,4,82.6,86.5,2,7,6,2,3,0.0,1.0,defesa,2127,0,1,0,0,0,1,1
Player1,4,67.3,86.5,1,5,2,6,4,1.0,0.0,ataque,2127,1,1,0,0,1,1,0
Player1,4,67.3,66.5,1,5,2,6,5,0.0,1.0,defesa,2127,1,1,0,0,1,1,0
Player1,4,51.099999999999994,66.5,2,7,6,2,6,1.0,0.0,ataque,2127,0,1,0,0,0,1,1
Player1,4,46.099999999999994,66.5,2,6,7,2,7,0.0,1.0,defesa,2127,0,1,0,0,0,1,1
Player1,4,33.099999999999994,66.5,1,5,2,6,8,1.0,0.0,ataque,2127,1,1,0,0,1,1,0
Player1,4,31.099999999999994,50.300000000000004,1,5,2,6,9,0.0,1.0,defesa,2127,1,1,0,0,1,1,0
Player1,4,17.099999999999994,45.300000000000004,3,2,7,6,10,1.0,0.0,ataque,2127,0,1,1,0,0,1,1
Player1,4,17.099999999999994,40.300000000000004,3,2,6,7,11,0.0,1.0,defesa,2127,0,1,1,0,0,1,1
Player1,4,10.099999999999996,38.300000000000004,1,5,2,6,12,1.0,0.0,ataque,2127,1,1,0,0,1,1,0
Player1,4,10.099999999999996,26.300000000000004,1,5,2,6,13,0.0,1.0,defesa,2127,1,1,0,0,1,1,0
Player1,4,100,100,1,5,2,4,0,1.0,0.0,ataque,2128,1,1,1,1,1,1,1
Player1,4,100,80.5,3,4,1,5,1,0.0,1.0,defesa,2128,1,1,1,1,1,1,1
Player1,4,82.6,90.5,3,2,7,6,2,1.0,0.0,ataque,2128,0,1,1,0,0,1,1
Player1,4,87.6,69.5,2,6,7,2,3,0.0,1.0,defesa,2128,0,1,0,0,0,1,1
Player1,4,73.6,69.5,1,5,2,6,4,1.0,0.0,ataque,2128,1,1,0,0,1,1,0
Player1,4,71.6,51.3,1,5,2,6,5,0.0,1.0,defesa,2128,1,1,0,0,1,1,0
Player1,4,55.79999999999999,49.3,2,7,6,2,6,1.0,0.0,ataque,2128,0,1,0,0,0,1,1
Player1,4,52.79999999999999,33.5,2,6,7,2,7,0.0,1.0,defesa,2128,0,1,0,0,0,1,1
Player1,4,41.79999999999999,26.5,1,5,2,6,8,1.0,0.0,ataque,2128,1,1,0,0,1,1,0
Player1,4,41.79999999999999,5.5,1,5,2,6,9,0.0,1.0,defesa,2128,1,1,0,0,1,1,0
Player1,4,100,100,1,5,2,3,0,1.0,0.0,ataque,2129,1,1,1,1,1,1,1
Player1,4,100,80,3,4,1,5,1,0.0,1.0,defesa,2129,1,1,1,1,1,1,1
Player1,4,91.6,90,4,2,6,7,2,1.0,0.0,ataque,2129,0,1,0,1,0,1,1
Player1,4,91.6,80.5,2,6,7,2,3,0.0,1.0,defesa,2129,0,1,0,0,0,1,1
Player1,4,81.6,77.5,1,5,2,6,4,1.0,0.0,ataque,2129,1,1,0,0,1,1,0
Player1,4,81.6,56.5,1,5,2,6,5,0.0,1.0,defesa,2129,1,1,0,0,1,1,0
Player1,4,63.39999999999999,56.5,2,6,7,2,6,1.0,0.0,ataque,2129,0,1,0,0,0,1,1
Player1,4,61.39999999999999,46.300000000000004,2,6,7,2,7,0.0,1.0,defesa,2129,0,1,0,0,0,1,1
Player1,4,47.79999999999999,43.300000000000004,1,5,2,6,8,1.0,0.0,ataque,2129,1,1,0,0,1,1,0
Player1,4,43.79999999999999,24.5,1,5,2,6,9,0.0,1.0,defesa,2129,1,1,0,0,1,1,0
Player1,4,25.79999999999999,18.5,3,2,6,7,10,1.0,0.0,ataque,2129,0,1,1,0,0,1,1
Player1,4,21.79999999999999,12.5,3,2,7,6,11,0.0,1.0,defesa,2129,0,1,1,0,0,1,1
Player1,4,17.599999999999987,12.5,1,5,2,6,12,1.0,0.0,ataque,2129,1,1,0,0,1,1,0
Player1,4,17.599999999999987,2.5,1,5,2,6,13,0.0,1.0,defesa,2129,1,1,0,0,1,1,0
Player1,4,100,100,1,5,2,4,0,1.0,0.0,ataque,2130,1,1,1,1,1,1,1
Player1,4,100,81,3,4,1,5,1,0.0,1.0,defesa,2130,1,1,1,1,1,1,1
Player1,4,91,91,2,3,7,6,2,1.0,0.0,ataque,2130,0,1,1,0,0,1,1
Player1,4,89,79,2,6,7,2,3,0.0,1.0,defesa,2130,0,1,0,0,0,1,1
Player1,4,87,76,1,5,2,6,4,1.0,0.0,ataque,2130,1,1,0,0,1,1,0
Player1,4,95,55,1,5,2,6,5,0.0,1.0,defesa,2130,1,1,0,0,1,1,0
Player1,4,77,55,2,7,6,2,6,1.0,0.0,ataque,2130,0,1,0,0,0,1,1
Player1,4,77,55,2,7,6,2,7,0.0,1.0,defesa,2130,0,1,0,0,0,1,1
Player1,4,77,55,1,5,2,6,8,1.0,0.0,ataque,2130,1,1,0,0,1,1,0
Player1,4,77,37.4,1,5,2,6,9,0.0,1.0,defesa,2130,1,1,0,0,1,1,0
Player1,4,61.5,32.4,2,7,6,2,10,1.0,0.0,ataque,2130,0,1,0,0,0,1,1
Player1,4,59.5,17.199999999999996,3,2,6,7,11,0.0,1.0,defesa,2130,0,1,1,0,0,1,1
Player1,4,100,100,1,5,2,3,0,1.0,0.0,ataque,2131,1,1,1,1,1,1,1
Player1,4,100,81,3,4,1,5,1,0.0,1.0,defesa,2131,1,1,1,1,1,1,1
Player1,4,97.69999999999999,100,2,4,6,7,2,1.0,0.0,ataque,2131,0,1,0,1,0,1,1
Player1,4,97.69999999999999,84,2,7,6,2,3,0.0,1.0,defesa,2131,0,1,0,0,0,1,1
Player1,4,97.69999999999999,79,1,5,2,6,4,1.0,0.0,ataque,2131,1,1,0,0,1,1,0
Player1,4,97.69999999999999,63.5,1,5,2,6,5,0.0,1.0,defesa,2131,1,1,0,0,1,1,0
Player1,4,76.99999999999999,61.5,2,6,7,2,6,1.0,0.0,ataque,2131,0,1,0,0,0,1,1
Player1,4,76.99999999999999,61.5,2,7,6,2,7,0.0,1.0,defesa,2131,0,1,0,0,0,1,1
Player1,4,67.99999999999999,61.5,1,5,2,6,8,1.0,0.0,ataque,2131,1,1,0,0,1,1,0
Player1,4,67.99999999999999,45.300000000000004,1,5,2,6,9,0.0,1.0,defesa,2131,1,1,0,0,1,1,0
Player1,4,48.59999999999998,40.300000000000004,3,2,7,6,10,1.0,0.0,ataque,2131,0,1,1,0,0,1,1
Player1,4,43.59999999999998,27.300000000000004,3,2,7,6,11,0.0,1.0,defesa,2131,0,1,1,0,0,1,1
Player1,4,38.59999999999998,25.300000000000004,1,5,2,6,12,1.0,0.0,ataque,2131,1,1,0,0,1,1,0
Player1,4,36.59999999999998,9.300000000000004,1,5,2,6,13,0.0,1.0,defesa,2131,1,1,0,0,1,1,0
Player1,4,26.999999999999986,9.300000000000004,2,6,7,2,14,1.0,0.0,ataque,2131,0,1,0,0,0,1,1
Player1,4,26.999999999999986,1.3000000000000034,4,2,7,6,15,0.0,1.0,defesa,2131,0,1,0,1,0,1,1
Player1,4,100,100,1,5,2,3,0,1.0,0.0,ataque,2132,1,1,1,1,1,1,1
Player1,4,100,80,3,4,1,5,1,0.0,1.0,defesa,2132,1,1,1,1,1,1,1
Player1,4,91.6,90,4,2,6,7,2,1.0,0.0,ataque,2132,0,1,0,1,0,1,1
Player1,4,91.6,70.5,2,7,6,2,3,0.0,1.0,defesa,2132,0,1,0,0,0,1,1
Player1,4,79.89999999999999,67.5,1,5,2,6,4,1.0,0.0,ataque,2132,1,1,0,0,1,1,0
Player1,4,79.89999999999999,46.5,1,5,2,6,5,0.0,1.0,defesa,2132,1,1,0,0,1,1,0
Player1,4,63.69999999999999,46.5,2,6,7,2,6,1.0,0.0,ataque,2132,0,1,0,0,0,1,1
Player1,4,58.69999999999999,34.9,2,6,7,2,7,0.0,1.0,defesa,2132,0,1,0,0,0,1,1
Player1,4,53.69999999999999,32.9,1,5,2,6,8,1.0,0.0,ataque,2132,1,1,0,0,1,1,0
Player1,4,51.69999999999999,15.099999999999994,1,5,2,6,9,0.0,1.0,defesa,2132,1,1,0,0,1,1,0
Player1,4,37.69999999999999,10.099999999999994,3,2,7,6,10,1.0,0.0,ataque,2132,0,1,1,0,0,1,1
Player1,4,37.69999999999999,2.899999999999995,3,2,7,6,11,0.0,1.0,defesa,2132,0,1,1,0,0,1,1
Player1,4,100,100,1,5,2,3,0,1.0,0.0,ataque,2133,1,1,1,1,1,1,1
Player1,4,100,80,3,4,1,5,1,0.0,1.0,defesa,2133,1,1,1,1,1,1,1
Player1,4,82.6,90,4,2,7,6,2,1.0,0.0,ataque,2133,0,1,0,1,0,1,1
Player1,4,82.6,69.5,2,6,7,2,3,0.0,1.0,defesa,2133,0,1,0,0,0,1,1
Player1,4,73.6,69.5,1,5,2,6,4,1.0,0.0,ataque,2133,1,1,0,0,1,1,0
Player1,4,73.6,51.3,1,5,2,6,5,0.0,1.0,defesa,2133,1,1,0,0,1,1,0
Player1,4,57.79999999999999,49.3,2,7,6,2,6,1.0,0.0,ataque,2133,0,1,0,0,0,1,1
Player1,4,54.79999999999999,33.5,2,7,6,2,7,0.0,1.0,defesa,2133,0,1,0,0,0,1,1
Player1,4,51.79999999999999,26.5,1,5,2,6,8,1.0,0.0,ataque,2133,1,1,0,0,1,1,0
Player1,4,51.79999999999999,9.100000000000001,1,5,2,6,9,0.0,1.0,defesa,2133,1,1,0,0,1,1,0
Player1,4,39.79999999999999,5.100000000000001,3,2,6,7,10,1.0,0.0,ataque,2133,0,1,1,0,0,1,1
Player1,4,39.79999999999999,5.100000000000001,3,2,7,6,11,0.0,1.0,defesa,2133,0,1,1,0,0,1,1
Player1,4,100,100,1,5,2,4,0,1.0,0.0,ataque,2134,1,1,1,1,1,1,1
Player1,4,100,80.5,3,4,1,5,1,0.0,1.0,defesa,2134,1,1,1,1,1,1,1
Player1,4,91.6,90.5,2,3,7,6,2,1.0,0.0,ataque,2134,0,1,1,0,0,1,1
Player1,4,89.6,78.5,2,7,6,2,3,0.0,1.0,defesa,2134,0,1,0,0,0,1,1
Player1,4,87.6,75.5,1,5,2,6,4,1.0,0.0,ataque,2134,1,1,0,0,1,1,0
Player1,4,95.6,54.5,1,5,2,6,5,0.0,1.0,defesa,2134,1,1,0,0,1,1,0
Player1,4,77.6,54.5,2,7,6,2,6,1.0,0.0,ataque,2134,0,1,0,0,0,1,1
Player1,4,77.6,45.3,2,7,6,2,7,0.0,1.0,defesa,2134,0,1,0,0,0,1,1
Player1,4,67.39999999999999,43.3,1,5,2,6,8,1.0,0.0,ataque,2134,1,1,0,0,1,1,0
Player1,4,64.39999999999999,21.899999999999995,1,5,2,6,9,0.0,1.0,defesa,2134,1,1,0,0,1,1,0
Player1,4,50.99999999999999,14.899999999999995,2,6,7,2,10,1.0,0.0,ataque,2134,0,1,0,0,0,1,1
Player1,4,100,100,1,5,2,3,0,1.0,0.0,ataque,2135,1,1,1,1,1,1,1
Player1,4,100,80,3,4,1,5,1,0.0,1.0,defesa,2135,1,1,1,1,1,1,1
Player1,4,91.6,90,4,2,7,6,2,1.0,0.0,ataque,2135,0,1,0,1,0,1,1
Player1,4,91.6,67.5,2,7,6,2,3,0.0,1.0,defesa,2135,0,1,0,0,0,1,1
Player1,4,91.6,64.5,1,5,2,6,4,1.0,0.0,ataque,2135,1,1,0,0,1,1,0
Player1,4,91.6,41.5,1,5,2,6,5,0.0,1.0,defesa,2135,1,1,0,0,1,1,0
Player1,4,77.6,41.5,2,6,7,2,6,1.0,0.0,ataque,2135,0,1,0,0,0,1,1
Player1,4,75.6,41.5,2,6,7,2,7,0.0,1.0,defesa,2135,0,1,0,0,0,1,1
Player1,4,73.6,41.5,1,5,2,6,8,1.0,0.0,ataque,2135,1,1,0,0,1,1,0
Player1,4,71.6,24.099999999999998,1,5,2,6,9,0.0,1.0,defesa,2135,1,1,0,0,1,1,0
Player1,4,56.79999999999999,21.099999999999998,3,2,7,6,10,1.0,0.0,ataque,2135,0,1,1,0,0,1,1
Player1,4,51.79999999999999,18.099999999999998,3,2,7,6,11,0.0,1.0,defesa,2135,0,1,1,0,0,1,1
Player1,4,39.79999999999999,18.099999999999998,1,5,2,6,12,1.0,0.0,ataque,2135,1,1,0,0,1,1,0
Player1,4,37.79999999999999,4.1,1,5,2,6,13,0.0,1.0,defesa,2135,1,1,0,0,1,1,0
Player1,4,100,100,1,5,2,4,0,1.0,0.0,ataque,2136,1,1,1,1,1,1,1
Player1,4,100,80.5,3,4,1,5,1,0.0,1.0,defesa,2136,1,1,1,1,1,1,1
Player1,4,91.6,90.5,2,3,6,7,2,1.0,0.0,ataque,2136,0,1,1,0,0,1,1
Player1,4,89.6,90.5,2,6,7,2,3,0.0,1.0,defesa,2136,0,1,0,0,0,1,1
Player1,4,87.6,90.5,1,5,2,6,4,1.0,0.0,ataque,2136,1,1,0,0,1,1,0
Player1,4,95.6,77.5,1,5,2,6,5,0.0,1.0,defesa,2136,1,1,0,0,1,1,0
Player1,4,77.6,74.5,2,6,7,2,6,1.0,0.0,ataque,2136,0,1,0,0,0,1,1
Player1,4,77.6,71.5,2,7,6,2,7,0.0,1.0,defesa,2136,0,1,0,0,0,1,1
Player1,4,77.6,71.5,1,5,2,6,8,1.0,0.0,ataque,2136,1,1,0,0,1,1,0
Player1,4,77.6,53.5,1,5,2,6,9,0.0,1.0,defesa,2136,1,1,0,0,1,1,0
Player1,4,61.39999999999999,53.5,2,6,7,2,10,1.0,0.0,ataque,2136,0,1,0,0,0,1,1
Player1,4,56.39999999999999,53.5,3,2,6,7,11,0.0,1.0,defesa,2136,0,1,1,0,0,1,1
Player1,4,51.39999999999999,53.5,3,1,5,2,12,1.0,0.0,ataque,2136,1,1,1,0,1,1,0
Player1,4,49.39999999999999,34.099999999999994,1,5,2,6,13,0.0,1.0,defesa,2136,1,1,0,0,1,1,0
Player1,4,38.99999999999999,29.099999999999994,4,2,7,6,14,1.0,0.0,ataque,2136,0,1,0,1,0,1,1
Player1,4,38.99999999999999,24.099999999999994,4,2,6,7,15,0.0,1.0,defesa,2136,0,1,0,1,0,1,1
Player1,4,38.99999999999999,22.099999999999994,1,5,2,6,16,1.0,0.0,ataque,2136,1,1,0,0,1,1,0
Player1,4,38.99999999999999,10.099999999999994,1,5,2,6,17,0.0,1.0,defesa,2136,1,1,0,0,1,1,0
Player1,4,20.99999999999999,10.099999999999994,2,7,6,2,18,1.0,0.0,ataque,2136,0,1,0,0,0,1,1
Player1,4,20.99999999999999,10.099999999999994,2,7,6,2,19,0.0,1.0,defesa,2136,0,1,0,0,0,1,1
Player1,4,11.79999999999999,10.099999999999994,1,5,2,6,20,1.0,0.0,ataque,2136,1,1,0,0,1,1,0
Player1,4,100,100,1,5,2,4,0,1.0,0.0,ataque,2137,1,1,1,1,1,1,1
Player1,4,100,80.5,3,4,1,5,1,0.0,1.0,defesa,2137,1,1,1,1,1,1,1
Player1,4,82.6,90.5,3,2,7,6,2,1.0,0.0,ataque,2137,0,1,1,0,0,1,1
Player1,4,87.6,86.5,2,7,6,2,3,0.0,1.0,defesa,2137,0,1,0,0,0,1,1
Player1,4,82.6,86.5,1,5,2,6,4,1.0,0.0,ataque,2137,1,1,0,0,1,1,0
Player1,4,80.6,66.5,1,5,2,6,5,0.0,1.0,defesa,2137,1,1,0,0,1,1,0
Player1,4,64.6,66.5,2,6,7,2,6,1.0,0.0,ataque,2137,0,1,0,0,0,1,1
Player1,4,64.6,51.6,2,6,7,2,7,0.0,1.0,defesa,2137,0,1,0,0,0,1,1
Player1,4,64.6,46.6,1,5,2,6,8,1.0,0.0,ataque,2137,1,1,0,0,1,1,0
Player1,4,64.6,26.1,1,5,2,6,9,0.0,1.0,defesa,2137,1,1,0,0,1,1,0
Player1,4,50.39999999999999,22.1,2,6,7,2,10,1.0,0.0,ataque,2137,0,1,0,0,0,1,1
Player1,4,47.39999999999999,10.100000000000001,3,2,7,6,11,0.0,1.0,defesa,2137,0,1,1,0,0,1,1
Player1,4,100,100,1,5,2,3,0,1.0,0.0,ataque,2138,1,1,1,1,1,1,1
Player1,4,100,80,3,4,1,5,1,0.0,1.0,defesa,2138,1,1,1,1,1,1,1
Player1,4,82.6,90,4,2,6,7,2,1.0,0.0,ataque,2138,0,1,0,1,0,1,1
Player1,4,82.6,86.5,2,6,7,2,3,0.0,1.0,defesa,2138,0,1,0,0,0,1,1
Player1,4,67.3,86.5,1,5,2,6,4,1.0,0.0,ataque,2138,1,1,0,0,1,1,0
Player1,4,67.3,66.5,1,5,2,6,5,0.0,1.0,defesa,2138,1,1,0,0,1,1,0
Player1,4,51.099999999999994,66.5,2,6,7,2,6,1.0,0.0,ataque,2138,0,1,0,0,0,1,1
Player1,4,46.099999999999994,66.5,2,6,7,2,7,0.0,1.0,defesa,2138,0,1,0,0,0,1,1
Player1,4,33.099999999999994,66.5,1,5,2,6,8,1.0,0.0,ataque,2138,1,1,0,0,1,1,0
Player1,4,31.099999999999994,50.300000000000004,1,5,2,6,9,0.0,1.0,defesa,2138,1,1,0,0,1,1,0
Player1,4,19.199999999999996,45.300000000000004,3,2,6,7,10,1.0,0.0,ataque,2138,0,1,1,0,0,1,1
Player1,4,19.199999999999996,40.300000000000004,3,2,6,7,11,0.0,1.0,defesa,2138,0,1,1,0,0,1,1
Player1,4,10.099999999999996,38.300000000000004,1,5,2,6,12,1.0,0.0,ataque,2138,1,1,0,0,1,1,0
Player1,4,10.099999999999996,26.300000000000004,1,5,2,6,13,0.0,1.0,defesa,2138,1,1,0,0,1,1,0
Player1,4,100,100,1,5,2,4,0,1.0,0.0,ataque,2139,1,1,1,1,1,1,1
Player1,4,100,80.5,3,4,1,5,1,0.0,1.0,defesa,2139,1,1,1,1,1,1,1
Player1,4,82.6,90.5,3,2,7,6,2,1.0,0.0,ataque,2139,0,1,1,0,0,1,1
Player1,4,87.6,86.5,2,6,7,2,3,0.0,1.0,defesa,2139,0,1,0,0,0,1,1
Player1,4,67.3,86.5,1,5,2,6,4,1.0,0.0,ataque,2139,1,1,0,0,1,1,0
Player1,4,65.3,66.5,1,5,2,6,5,0.0,1.0,defesa,2139,1,1,0,0,1,1,0
Player1,4,49.099999999999994,66.5,2,6,7,2,6,1.0,0.0,ataque,2139,0,1,0,0,0,1,1
Player1,4,44.099999999999994,57.5,2,7,6,2,7,0.0,1.0,defesa,2139,0,1,0,0,0,1,1
Player1,4,26.39999999999999,57.5,1,5,2,6,8,1.0,0.0,ataque,2139,1,1,0,0,1,1,0
Player1,4,16.39999999999999,45.8,1,5,2,6,9,0.0,1.0,defesa,2139,1,1,0,0,1,1,0
Player1,4,100,100,1,5,2,3,0,1.0,0.0,ataque,2140,1,1,1,1,1,1,1
Player1,4,100,81,3,4,1,5,1,0.0,1.0,defesa,2140,1,1,1,1,1,1,1
Player1,4,90.69999999999999,100,4,2,7,6,2,1.0,0.0,ataque,2140,0,1,0,1,0,1,1
Player1,4,90.69999999999999,77.5,2,7,6,2,3,0.0,1.0,defesa,2140,0,1,0,0,0,1,1
Player1,4,81.69999999999999,74.5,1,5,2,6,4,1.0,0.0,ataque,2140,1,1,0,0,1,1,0
Player1,4,81.69999999999999,53.5,1,5,2,6,5,0.0,1.0,defesa,2140,1,1,0,0,1,1,0
Player1,4,65.49999999999999,53.5,2,7,6,2,6,1.0,0.0,ataque,2140,0,1,0,0,0,1,1
Player1,4,60.499999999999986,41.9,2,7,6,2,7,0.0,1.0,defesa,2140,0,1,0,0,0,1,1
Player1,4,45.29999999999999,39.9,1,5,2,6,8,1.0,0.0,ataque,2140,1,1,0,0,1,1,0
Player1,4,37.29999999999999,23.9,1,5,2,6,9,0.0,1.0,defesa,2140,1,1,0,0,1,1,0
Player1,4,22.19999999999999,21.9,3,2,6,7,10,1.0,0.0,ataque,2140,0,1,1,0,0,1,1
Player1,4,22.19999999999999,21.9,3,2,6,7,11,0.0,1.0,defesa,2140,0,1,1,0,0,1,1
Player1,4,22.19999999999999,21.9,1,5,2,6,12,1.0,0.0,ataque,2140,1,1,0,0,1,1,0
Player1,4,22.19999999999999,11.899999999999999,1,5,2,6,13,0.0,1.0,defesa,2140,1,1,0,0,1,1,0
Player1,4,8.79999999999999,11.899999999999999,2,6,7,2,14,1.0,0.0,ataque,2140,0,1,0,0,0,1,1
Player1,4,100,100,1,5,2,3,0,1.0,0.0,ataque,2141,1,1,1,1,1,1,1
Player1,4,100,81,3,4,1,5,1,0.0,1.0,defesa,2141,1,1,1,1,1,1,1
Player1,4,90.69999999999999,100,4,2,6,7,2,1.0,0.0,ataque,2141,0,1,0,1,0,1,1
Player1,4,90.69999999999999,80.5,2,6,7,2,3,0.0,1.0,defesa,2141,0,1,0,0,0,1,1
Player1,4,90.69999999999999,77.5,1,5,2,6,4,1.0,0.0,ataque,2141,1,1,0,0,1,1,0
Player1,4,90.69999999999999,54.5,1,5,2,6,5,0.0,1.0,defesa,2141,1,1,0,0,1,1,0
Player1,4,74.29999999999998,54.5,2,6,7,2,6,1.0,0.0,ataque,2141,0,1,0,0,0,1,1
Player1,4,72.29999999999998,43.4,2,7,6,2,7,0.0,1.0,defesa,2141,0,1,0,0,0,1,1
Player1,4,70.29999999999998,40.4,1,5,2,6,8,1.0,0.0,ataque,2141,1,1,0,0,1,1,0
Player1,4,68.29999999999998,16.200000000000003,1,5,2,6,9,0.0,1.0,defesa,2141,1,1,0,0,1,1,0
Player1,4,100,100,1,5,2,4,0,1.0,0.0,ataque,2142,1,1,1,1,1,1,1
Player1,4,100,81,3,4,1,5,1,0.0,1.0,defesa,2142,1,1,1,1,1,1,1
Player1,4,98,91,2,3,7,6,2,1.0,0.0,ataque,2142,0,1,1,0,0,1,1
Player1,4,98,91,2,7,6,2,3,0.0,1.0,defesa,2142,0,1,0,0,0,1,1
Player1,4,98,91,1,5,2,6,4,1.0,0.0,ataque,2142,1,1,0,0,1,1,0
Player1,4,98,72,1,5,2,6,5,0.0,1.0,defesa,2142,1,1,0,0,1,1,0
Player1,4,81.8,77,2,7,6,2,6,1.0,0.0,ataque,2142,0,1,0,0,0,1,1
Player1,4,81.8,59,2,6,7,2,7,0.0,1.0,defesa,2142,0,1,0,0,0,1,1
Player1,4,81.8,57,1,5,2,6,8,1.0,0.0,ataque,2142,1,1,0,0,1,1,0
Player1,4,81.8,40,1,5,2,6,9,0.0,1.0,defesa,2142,1,1,0,0,1,1,0
Player1,4,67.6,38,2,6,7,2,10,1.0,0.0,ataque,2142,0,1,0,0,0,1,1
Player1,4,64.6,36,3,2,6,7,11,0.0,1.0,defesa,2142,0,1,1,0,0,1,1
Player1,4,61.599999999999994,34,3,1,5,2,12,1.0,0.0,ataque,2142,1,1,1,0,1,1,0
Player1,4,61.599999999999994,16.400000000000002,1,5,2,6,13,0.0,1.0,defesa,2142,1,1,0,0,1,1,0
Player1,4,49.599999999999994,11.400000000000002,4,2,6,7,14,1.0,0.0,ataque,2142,0,1,0,1,0,1,1
Player1,4,49.599999999999994,6.400000000000002,4,2,6,7,15,0.0,1.0,defesa,2142,0,1,0,1,0,1,1
Player1,4,100,100,1,5,2,3,0,1.0,0.0,ataque,2143,1,1,1,1,1,1,1
Player1,4,100,80,3,4,1,5,1,0.0,1.0,defesa,2143,1,1,1,1,1,1,1
Player1,4,82.6,90,4,2,6,7,2,1.0,0.0,ataque,2143,0,1,0,1,0,1,1
Player1,4,82.6,69.5,2,7,6,2,3,0.0,1.0,defesa,2143,0,1,0,0,0,1,1
Player1,4,70.89999999999999,69.5,1,5,2,6,4,1.0,0.0,ataque,2143,1,1,0,0,1,1,0
Player1,4,70.89999999999999,54,1,5,2,6,5,0.0,1.0,defesa,2143,1,1,0,0,1,1,0
Player1,4,55.099999999999994,52,2,6,7,2,6,1.0,0.0,ataque,2143,0,1,0,0,0,1,1
Player1,4,52.099999999999994,50,2,7,6,2,7,0.0,1.0,defesa,2143,0,1,0,0,0,1,1
Player1,4,49.099999999999994,48,1,5,2,6,8,1.0,0.0,ataque,2143,1,1,0,0,1,1,0
Player1,4,49.099999999999994,31.800000000000004,1,5,2,6,9,0.0,1.0,defesa,2143,1,1,0,0,1,1,0
Player1,4,37.199999999999996,26.800000000000004,3,2,7,6,10,1.0,0.0,ataque,2143,0,1,1,0,0,1,1
Player1,4,37.199999999999996,21.800000000000004,3,2,7,6,11,0.0,1.0,defesa,2143,0,1,1,0,0,1,1
Player1,4,28.099999999999994,19.800000000000004,1,5,2,6,12,1.0,0.0,ataque,2143,1,1,0,0,1,1,0
Player1,4,28.099999999999994,7.800000000000003,1,5,2,6,13,0.0,1.0,defesa,2143,1,1,0,0,1,1,0
Player1,4,14.699999999999996,7.800000000000003,2,6,7,2,14,1.0,0.0,ataque,2143,0,1,0,0,0,1,1
Player1,4,9.699999999999996,2.8000000000000034,4,2,6,7,15,0.0,1.0,defesa,2143,0,1,0,1,0,1,1
Player1,4,100,100,1,5,2,4,0,1.0,0.0,ataque,2144,1,1,1,1,1,1,1
Player1,4,100,80.5,3,4,1,5,1,0.0,1.0,defesa,2144,1,1,1,1,1,1,1
Player1,4,82.6,90.5,3,2,7,6,2,1.0,0.0,ataque,2144,0,1,1,0,0,1,1
Player1,4,87.6,69.5,2,7,6,2,3,0.0,1.0,defesa,2144,0,1,0,0,0,1,1
Player1,4,70.89999999999999,69.5,1,5,2,6,4,1.0,0.0,ataque,2144,1,1,0,0,1,1,0
Player1,4,68.89999999999999,54,1,5,2,6,5,0.0,1.0,defesa,2144,1,1,0,0,1,1,0
Player1,4,53.099999999999994,52,2,7,6,2,6,1.0,0.0,ataque,2144,0,1,0,0,0,1,1
Player1,4,50.099999999999994,50,2,6,7,2,7,0.0,1.0,defesa,2144,0,1,0,0,0,1,1
Player1,4,47.099999999999994,48,1,5,2,6,8,1.0,0.0,ataque,2144,1,1,0,0,1,1,0
Player1,4,47.099999999999994,31.800000000000004,1,5,2,6,9,0.0,1.0,defesa,2144,1,1,0,0,1,1,0
Player1,4,33.099999999999994,26.800000000000004,2,7,6,2,10,1.0,0.0,ataque,2144,0,1,0,0,0,1,1
Player1,4,33.099999999999994,21.800000000000004,3,2,6,7,11,0.0,1.0,defesa,2144,0,1,1,0,0,1,1
Player1,4,33.099999999999994,19.800000000000004,3,1,5,2,12,1.0,0.0,ataque,2144,1,1,1,0,1,1,0
Player1,4,33.099999999999994,10.700000000000006,1,5,2,6,13,0.0,1.0,defesa,2144,1,1,0,0,1,1,0
Player1,4,23.099999999999994,10.700000000000006,4,2,7,6,14,1.0,0.0,ataque,2144,0,1,0,1,0,1,1
Player1,4,100,100,1,5,2,4,0,1.0,0.0,ataque,2145,1,1,1,1,1,1,1
Player1,4,100,81,3,4,1,5,1,0.0,1.0,defesa,2145,1,1,1,1,1,1,1
Player1,4,91,91,2,3,6,7,2,1.0,0.0,ataque,2145,0,1,1,0,0,1,1
Player1,4,89,79,2,6,7,2,3,0.0,1.0,defesa,2145,0,1,0,0,0,1,1
Player1,4,79.8,86,1,5,2,6,4,1.0,0.0,ataque,2145,1,1,0,0,1,1,0
Player1,4,77.8,63,1,5,2,6,5,0.0,1.0,defesa,2145,1,1,0,0,1,1,0
Player1,4,61.39999999999999,63,2,6,7,2,6,1.0,0.0,ataque,2145,0,1,0,0,0,1,1
Player1,4,59.39999999999999,51.9,2,6,7,2,7,0.0,1.0,defesa,2145,0,1,0,0,0,1,1
Player1,4,46.99999999999999,48.9,1,5,2,6,8,1.0,0.0,ataque,2145,1,1,0,0,1,1,0
Player1,4,42.99999999999999,28.5,1,5,2,6,9,0.0,1.0,defesa,2145,1,1,0,0,1,1,0
Player1,4,26.999999999999993,22.5,2,7,6,2,10,1.0,0.0,ataque,2145,0,1,0,0,0,1,1
Player1,4,22.999999999999993,16.5,3,2,6,7,11,0.0,1.0,defesa,2145,0,1,1,0,0,1,1
Player1,4,19.39999999999999,16.5,3,1,5,2,12,1.0,0.0,ataque,2145,1,1,1,0,1,1,0
Player1,4,19.39999999999999,4.500000000000001,1,5,2,6,13,0.0,1.0,defesa,2145,1,1,0,0,1,1,0
Player1,4,100,100,1,5,2,4,0,1.0,0.0,ataque,2146,1,1,1,1,1,1,1
Player1,4,100,80.5,3,4,1,5,1,0.0,1.0,defesa,2146,1,1,1,1,1,1,1
Player1,4,91.6,90.5,2,3,6,7,2,1.0,0.0,ataque,2146,0,1,1,0,0,1,1
Player1,4,89.6,78.5,2,7,6,2,3,0.0,1.0,defesa,2146,0,1,0,0,0,1,1
Player1,4,80.39999999999999,85.5,1,5,2,6,4,1.0,0.0,ataque,2146,1,1,0,0,1,1,0
Player1,4,78.39999999999999,59.5,1,5,2,6,5,0.0,1.0,defesa,2146,1,1,0,0,1,1,0
Player1,4,64.39999999999999,59.5,2,7,6,2,6,1.0,0.0,ataque,2146,0,1,0,0,0,1,1
Player1,4,62.39999999999999,48.4,2,7,6,2,7,0.0,1.0,defesa,2146,0,1,0,0,0,1,1
Player1,4,60.39999999999999,45.4,1,5,2,6,8,1.0,0.0,ataque,2146,1,1,0,0,1,1,0
Player1,4,58.39999999999999,21.200000000000003,1,5,2,6,9,0.0,1.0,defesa,2146,1,1,0,0,1,1,0
Player1,4,49.29999999999999,13.200000000000003,2,7,6,2,10,1.0,0.0,ataque,2146,0,1,0,0,0,1,1
Player1,4,100,100,1,5,2,3,0,1.0,0.0,ataque,2147,1,1,1,1,1,1,1
Player1,4,100,81,3,4,1,5,1,0.0,1.0,defesa,2147,1,1,1,1,1,1,1
Player1,4,97.69999999999999,100,2,4,7,6,2,1.0,0.0,ataque,2147,0,1,0,1,0,1,1
Player1,4,97.69999999999999,84,2,7,6,2,3,0.0,1.0,defesa,2147,0,1,0,0,0,1,1
Player1,4,97.69999999999999,79,1,5,2,6,4,1.0,0.0,ataque,2147,1,1,0,0,1,1,0
Player1,4,97.69999999999999,60.5,1,5,2,6,5,0.0,1.0,defesa,2147,1,1,0,0,1,1,0
Player1,4,79.69999999999999,58.5,2,6,7,2,6,1.0,0.0,ataque,2147,0,1,0,0,0,1,1
Player1,4,79.69999999999999,49.5,2,7,6,2,7,0.0,1.0,defesa,2147,0,1,0,0,0,1,1
Player1,4,65.89999999999999,49.5,1,5,2,6,8,1.0,0.0,ataque,2147,1,1,0,0,1,1,0
Player1,4,60.89999999999999,34,1,5,2,6,9,0.0,1.0,defesa,2147,1,1,0,0,1,1,0
Player1,4,41.69999999999999,32,3,2,7,6,10,1.0,0.0,ataque,2147,0,1,1,0,0,1,1
Player1,4,33.69999999999999,22,3,2,7,6,11,0.0,1.0,defesa,2147,0,1,1,0,0,1,1
Player1,4,19.899999999999988,20,1,5,2,6,12,1.0,0.0,ataque,2147,1,1,0,0,1,1,0
Player1,4,19.899999999999988,5.999999999999999,1,5,2,6,13,0.0,1.0,defesa,2147,1,1,0,0,1,1,0
Player1,4,7.899999999999988,5.999999999999999,2,6,7,2,14,1.0,0.0,ataque,2147,0,1,0,0,0,1,1
Player1,4,2.899999999999988,5.999999999999999,4,2,7,6,15,0.0,1.0,defesa,2147,0,1,0,1,0,1,1
Player1,4,100,100,1,5,2,3,0,1.0,0.0,ataque,2148,1,1,1,1,1,1,1
Player1,4,100,80,3,4,1,5,1,0.0,1.0,defesa,2148,1,1,1,1,1,1,1
Player1,4,82.6,90,4,2,7,6,2,1.0,0.0,ataque,2148,0,1,0,1,0,1,1
Player1,4,82.6,69.5,2,7,6,2,3,0.0,1.0,defesa,2148,0,1,0,0,0,1,1
Player1,4,70.89999999999999,69.5,1,5,2,6,4,1.0,0.0,ataque,2148,1,1,0,0,1,1,0
Player1,4,70.89999999999999,54,1,5,2,6,5,0.0,1.0,defesa,2148,1,1,0,0,1,1,0
Player1,4,55.099999999999994,52,2,7,6,2,6,1.0,0.0,ataque,2148,0,1,0,0,0,1,1
Player1,4,52.099999999999994,36.2,2,6,7,2,7,0.0,1.0,defesa,2148,0,1,0,0,0,1,1
Player1,4,41.099999999999994,29.200000000000003,1,5,2,6,8,1.0,0.0,ataque,2148,1,1,0,0,1,1,0
Player1,4,41.099999999999994,8.200000000000003,1,5,2,6,9,0.0,1.0,defesa,2148,1,1,0,0,1,1,0
Player1,4,31.999999999999993,4.200000000000003,3,2,7,6,10,1.0,0.0,ataque,2148,0,1,1,0,0,1,1
Player1,4,31.999999999999993,4.200000000000003,3,2,7,6,11,0.0,1.0,defesa,2148,0,1,1,0,0,1,1
Player1,4,100,100,1,5,2,4,0,1.0,0.0,ataque,2149,1,1,1,1,1,1,1
Player1,4,100,80.5,3,4,1,5,1,0.0,1.0,defesa,2149,1,1,1,1,1,1,1
Player1,4,82.6,90.5,3,2,6,7,2,1.0,0.0,ataque,2149,0,1,1,0,0,1,1
Player1,4,87.6,86.5,2,6,7,2,3,0.0,1.0,defesa,2149,0,1,0,0,0,1,1
Player1,4,67.3,86.5,1,5,2,6,4,1.0,0.0,ataque,2149,1,1,0,0,1,1,0
Player1,4,65.3,66.5,1,5,2,6,5,0.0,1.0,defesa,2149,1,1,0,0,1,1,0
Player1,4,49.099999999999994,66.5,2,7,6,2,6,1.0,0.0,ataque,2149,0,1,0,0,0,1,1
Player1,4,44.099999999999994,57.5,2,6,7,2,7,0.0,1.0,defesa,2149,0,1,0,0,0,1,1
Player1,4,26.39999999999999,57.5,1,5,2,6,8,1.0,0.0,ataque,2149,1,1,0,0,1,1,0
Player1,4,16.39999999999999,45.8,1,5,2,6,9,0.0,1.0,defesa,2149,1,1,0,0,1,1,0
Player1,4,100,100,1,2,3,4,0,1.0,0.0,ataque,2150,1,1,1,1,1,1,1
Player1,4,100,100,1,2,3,4,0,1.0,0.0,ataque,2151,1,1,1,1,1,1,1
Player1,4,100,89,3,5,5,4,1,0.0,1.0,defesa,2151,1,1,1,1,1,1,1
Player1,4,99.5,89,2,5,6,7,2,1.0,0.0,ataque,2151,0,1,0,0,1,1,1
Player1,4,100,70,2,6,2,6,3,0.0,1.0,defesa,2151,1,1,0,0,0,1,1
Player1,4,87.5,70,2,1,1,6,4,1.0,0.0,ataque,2151,1,1,0,0,0,1,0
Player1,4,84.5,52,2,6,2,2,5,0.0,1.0,defesa,2151,1,1,0,0,1,1,1
Player1,4,100,100,2,2,2,7,0,1.0,0.0,ataque,2152,1,1,1,1,1,1,1
Player1,4,100,81,3,5,5,4,1,0.0,1.0,defesa,2152,1,1,1,1,1,1,1
Player1,4,84.89999999999999,91,6,6,3,4,2,1.0,0.0,ataque,2152,1,1,1,1,1,1,0
Player1,4,94.89999999999999,75.5,2,6,2,6,3,0.0,1.0,defesa,2152,1,1,0,0,0,1,1
Player1,4,81.39999999999999,75.5,5,5,5,6,4,1.0,0.0,ataque,2152,1,1,0,0,1,1,1
Player1,4,81.39999999999999,69.9,5,5,5,6,5,0.0,1.0,defesa,2152,1,1,0,0,1,1,1
Player1,4,54.39999999999999,69.9,7,7,7,6,6,1.0,0.0,ataque,2152,1,1,0,0,0,1,1
Player1,4,45.39999999999999,40.90000000000002,2,6,2,6,7,0.0,1.0,defesa,2152,1,1,0,0,0,1,1
Player1,4,19.39999999999999,31.90000000000002,6,2,1,6,8,1.0,0.0,ataque,2152,1,1,0,0,1,1,0
